{
    "bundle_adjustment_metrics": {
        "number_cameras": 12.0,
        "number_tracks_unfiltered": 2199.0,
        "3d_track_lengths_unfiltered": {
            "summary": {
                "min": 3,
                "max": 12,
                "median": 4.0,
                "mean": 4.720327421555252,
                "stddev": 1.8318342745934961,
                "len": 2199,
                "invalid": 0,
                "histogram": {
                    "3": 517,
                    "4": 364,
                    "5": 233,
                    "6": 160,
                    "7": 92,
                    "8": 68,
                    "9": 25,
                    "10": 15,
                    "11": 4
                }
            }
        },
        "reprojection_errors_unfiltered_px": {
            "summary": {
                "min": 0.00712228026550509,
                "max": 16.174995586603114,
                "median": 0.5392662801640755,
                "mean": 0.8228497667705025,
                "stddev": 1.1622699789079496,
                "len": 10380,
                "invalid": 0,
                "quartiles": {
                    "q0": 0.00712228026550509,
                    "q1": 0.32303004059185453,
                    "q2": 0.5392662801640755,
                    "q3": 0.8489555587087609,
                    "q4": 16.174995586603114
                }
            }
        },
        "rotation_angle_error_deg": {
            "summary": {
                "min": 0.015029096975922585,
                "max": 0.12101944535970688,
                "median": 0.030571917071938515,
                "mean": 0.037807825952768326,
                "stddev": 0.027230719104409218,
                "len": 100,
                "invalid": 88,
                "quartiles": {
                    "q0": null,
                    "q1": null,
                    "q2": null,
                    "q3": null,
                    "q4": null
                }
            }
        },
        "translation_error_distance": {
            "summary": {
                "min": 0.0008424939587712288,
                "max": 0.004570185672491789,
                "median": 0.00145177380181849,
                "mean": 0.0019117934862151742,
                "stddev": 0.0010672167409211397,
                "len": 100,
                "invalid": 88,
                "quartiles": {
                    "q0": null,
                    "q1": null,
                    "q2": null,
                    "q3": null,
                    "q4": null
                }
            }
        },
        "relative_translation_angle_error_deg": {
            "summary": {
                "min": 0.04424034431576729,
                "max": 7.578136920928955,
                "median": 0.19743308424949646,
                "mean": 0.5950615406036377,
                "stddev": 1.4044066667556763,
                "len": 66,
                "invalid": 0,
                "quartiles": {
                    "q0": 0.04424034431576729,
                    "q1": 0.100758982822299,
                    "q2": 0.19743308424949646,
                    "q3": 0.3691153973340988,
                    "q4": 7.578136920928955
                }
            }
        },
        "translation_angle_error_deg": {
            "summary": {
                "min": 0.009928611107170582,
                "max": 0.08307358622550964,
                "median": 0.017405524849891663,
                "mean": 0.02345903217792511,
                "stddev": 0.018919851630926132,
                "len": 100,
                "invalid": 88,
                "quartiles": {
                    "q0": null,
                    "q1": null,
                    "q2": null,
                    "q3": null,
                    "q4": null
                }
            }
        },
        "relative_rotation_angle_error_deg": {
            "summary": {
                "min": 0.011222820729017258,
                "max": 0.14818939566612244,
                "median": 0.04558686912059784,
                "mean": 0.05711638182401657,
                "stddev": 0.0367366261780262,
                "len": 66,
                "invalid": 0,
                "quartiles": {
                    "q0": 0.011222820729017258,
                    "q1": 0.03457987029105425,
                    "q2": 0.04558686912059784,
                    "q3": 0.06538840010762215,
                    "q4": 0.14818939566612244
                }
            }
        },
        "pose_auc_@1.0_deg": 0.7191614508628845,
        "pose_auc_@2.5_deg": 0.842210054397583,
        "pose_auc_@5.0_deg": 0.9010394811630249,
        "pose_auc_@10.0_deg": 0.9459981322288513,
        "pose_auc_@20.0_deg": 0.972999095916748,
        "Filtered tracks triangulated with GT cams: SUCCESS": 1861.0,
        "number_tracks_filtered": 1861.0,
        "3d_track_lengths_filtered": {
            "summary": {
                "min": 3,
                "max": 12,
                "median": 4.0,
                "mean": 4.640515851692639,
                "stddev": 1.79175152056193,
                "len": 1861,
                "invalid": 0,
                "histogram": {
                    "3": 444,
                    "4": 309,
                    "5": 189,
                    "6": 126,
                    "7": 69,
                    "8": 51,
                    "9": 22,
                    "10": 11,
                    "11": 3
                }
            }
        },
        "reprojection_errors_filtered_px": {
            "summary": {
                "min": 0.0071222802654114705,
                "max": 2.9965834363073562,
                "median": 0.49114436544416723,
                "mean": 0.5821620502723865,
                "stddev": 0.4215284574632897,
                "len": 8636,
                "invalid": 0,
                "quartiles": {
                    "q0": 0.0071222802654114705,
                    "q1": 0.2997370616706236,
                    "q2": 0.49114436544416723,
                    "q3": 0.7445888127259608,
                    "q4": 2.9965834363073562
                }
            }
        },
        "step_0_run_duration_sec": 1.1971311569213867,
        "step_1_run_duration_sec": 1.1619699001312256,
        "step_2_run_duration_sec": 1.1263256072998047,
        "total_run_duration_sec": 3.4911680221557617
    }
}