{
    "verifier_summary_VIEWGRAPH_2VIEW_REPORT": {
        "angular_err_threshold_deg": 5.0,
        "num_input_image_pairs": 21.0,
        "num_valid_image_pairs": 21.0,
        "rotation_success_count": 21.0,
        "translation_success_count": 21.0,
        "pose_success_count": 21.0,
        "num_all_inlier_correspondences_wrt_gt_model": 9.0,
        "rot3_angular_errors_deg": {
            "summary": {
                "min": 0.020441729790668304,
                "max": 0.845197242365857,
                "median": 0.1340721843295075,
                "mean": 0.17925930029361575,
                "stddev": 0.1821474379394042,
                "len": 21,
                "invalid": 0,
                "quartiles": {
                    "q0": 0.020441729790668304,
                    "q1": 0.05820244738505363,
                    "q2": 0.1340721843295075,
                    "q3": 0.21994512421160456,
                    "q4": 0.845197242365857
                }
            }
        },
        "trans_angular_errors_deg": {
            "summary": {
                "min": 0.044439440265786744,
                "max": 4.034081337958894,
                "median": 0.3161135315117873,
                "mean": 0.7753939995591009,
                "stddev": 1.1201233912027526,
                "len": 21,
                "invalid": 0,
                "quartiles": {
                    "q0": 0.044439440265786744,
                    "q1": 0.21414925517071517,
                    "q2": 0.3161135315117873,
                    "q3": 0.5524415416039449,
                    "q4": 4.034081337958894
                }
            }
        },
        "pose_errors_deg": {
            "summary": {
                "min": 0.044439440265786744,
                "max": 4.034081337958894,
                "median": 0.3161135315117873,
                "mean": 0.7821742019483456,
                "stddev": 1.1164051860641844,
                "len": 21,
                "invalid": 0,
                "quartiles": {
                    "q0": 0.044439440265786744,
                    "q1": 0.22757583319603994,
                    "q2": 0.3161135315117873,
                    "q3": 0.5524415416039449,
                    "q4": 4.034081337958894
                }
            }
        },
        "inlier_ratio_wrt_gt_model": {
            "summary": {
                "min": 0.8846153616905212,
                "max": 1.0,
                "median": 0.9984325766563416,
                "mean": 0.9804089069366455,
                "stddev": 0.030835986137390137,
                "len": 21,
                "invalid": 0,
                "quartiles": {
                    "q0": 0.8846153616905212,
                    "q1": 0.9659442901611328,
                    "q2": 0.9984325766563416,
                    "q3": 1.0,
                    "q4": 1.0
                }
            }
        },
        "inlier_ratio_wrt_est_model": {
            "summary": {
                "min": 0.8861892819404602,
                "max": 0.9992758631706238,
                "median": 0.9816513657569885,
                "mean": 0.9733694195747375,
                "stddev": 0.028372662141919136,
                "len": 21,
                "invalid": 0,
                "quartiles": {
                    "q0": 0.8861892819404602,
                    "q1": 0.9629286527633667,
                    "q2": 0.9816513657569885,
                    "q3": 0.992527186870575,
                    "q4": 0.9992758631706238
                }
            }
        },
        "num_inliers_est_model": {
            "summary": {
                "min": 376,
                "max": 1181,
                "median": 713.0,
                "mean": 730.8571428571429,
                "stddev": 215.0376015212856,
                "len": 21,
                "invalid": 0,
                "quartiles": {
                    "q0": 376.0,
                    "q1": 645.0,
                    "q2": 713.0,
                    "q3": 913.0,
                    "q4": 1181.0
                }
            }
        },
        "num_inliers_gt_model": {
            "summary": {
                "min": 351,
                "max": 1181,
                "median": 706.0,
                "mean": 719.4285714285714,
                "stddev": 219.51061834140472,
                "len": 21,
                "invalid": 0,
                "quartiles": {
                    "q0": 351.0,
                    "q1": 637.0,
                    "q2": 706.0,
                    "q3": 913.0,
                    "q4": 1181.0
                }
            }
        }
    }
}