{
    "verifier_summary_POST_INLIER_SUPPORT_PROCESSOR_2VIEW_REPORT": {
        "angular_err_threshold_deg": 5.0,
        "num_input_image_pairs": 5.0,
        "num_valid_image_pairs": 5.0,
        "rotation_success_count": 5.0,
        "translation_success_count": 5.0,
        "pose_success_count": 5.0,
        "num_all_inlier_correspondences_wrt_gt_model": 0.0,
        "rot3_angular_errors_deg": {
            "summary": {
                "min": 0.028167052188611753,
                "max": 0.07851445259780755,
                "median": 0.07060102992756676,
                "mean": 0.0615249665398002,
                "stddev": 0.01792921028905741,
                "len": 5,
                "invalid": 0,
                "quartiles": {
                    "q0": 0.028167052188611753,
                    "q1": 0.0582096260989825,
                    "q2": 0.07060102992756676,
                    "q3": 0.07213267188603238,
                    "q4": 0.07851445259780755
                }
            }
        },
        "trans_angular_errors_deg": {
            "summary": {
                "min": 0.04398634897159822,
                "max": 0.33624266217496696,
                "median": 0.16013370719962208,
                "mean": 0.1700501449164353,
                "stddev": 0.10981190716389488,
                "len": 5,
                "invalid": 0,
                "quartiles": {
                    "q0": 0.04398634897159822,
                    "q1": 0.06487038168238826,
                    "q2": 0.16013370719962208,
                    "q3": 0.245017624553601,
                    "q4": 0.33624266217496696
                }
            }
        },
        "pose_errors_deg": {
            "summary": {
                "min": 0.04398634897159822,
                "max": 0.33624266217496696,
                "median": 0.16013370719962208,
                "mean": 0.1700501449164353,
                "stddev": 0.10981190716389488,
                "len": 5,
                "invalid": 0,
                "quartiles": {
                    "q0": 0.04398634897159822,
                    "q1": 0.06487038168238826,
                    "q2": 0.16013370719962208,
                    "q3": 0.245017624553601,
                    "q4": 0.33624266217496696
                }
            }
        },
        "inlier_ratio_wrt_gt_model": {
            "summary": {
                "min": 0.8091921806335449,
                "max": 0.9994394779205322,
                "median": 0.9884271621704102,
                "mean": 0.9323543310165405,
                "stddev": 0.07695222645998001,
                "len": 5,
                "invalid": 0,
                "quartiles": {
                    "q0": 0.8091921806335449,
                    "q1": 0.8740694522857666,
                    "q2": 0.9884271621704102,
                    "q3": 0.9906432628631592,
                    "q4": 0.9994394779205322
                }
            }
        },
        "inlier_ratio_wrt_est_model": {
            "summary": {
                "min": 0.9862385392189026,
                "max": 0.9975560307502747,
                "median": 0.9928027391433716,
                "mean": 0.9932984113693237,
                "stddev": 0.004101985599845648,
                "len": 5,
                "invalid": 0,
                "quartiles": {
                    "q0": 0.9862385392189026,
                    "q1": 0.9926584362983704,
                    "q2": 0.9928027391433716,
                    "q3": 0.9972363114356995,
                    "q4": 0.9975560307502747
                }
            }
        },
        "num_inliers_est_model": {
            "summary": {
                "min": 718,
                "max": 1901,
                "median": 1710.0,
                "mean": 1545.0,
                "stddev": 424.1462012089699,
                "len": 5,
                "invalid": 0,
                "quartiles": {
                    "q0": 718.0,
                    "q1": 1612.0,
                    "q2": 1710.0,
                    "q3": 1784.0,
                    "q4": 1901.0
                }
            }
        },
        "num_inliers_gt_model": {
            "summary": {
                "min": 581,
                "max": 1879,
                "median": 1694.0,
                "mean": 1469.2,
                "stddev": 471.05515600617304,
                "len": 5,
                "invalid": 0,
                "quartiles": {
                    "q0": 581.0,
                    "q1": 1409.0,
                    "q2": 1694.0,
                    "q3": 1783.0,
                    "q4": 1879.0
                }
            }
        }
    }
}