{
    "verifier_summary_POST_INLIER_SUPPORT_PROCESSOR_2VIEW_REPORT": {
        "angular_err_threshold_deg": 5.0,
        "num_input_image_pairs": 6.0,
        "num_valid_image_pairs": 6.0,
        "rotation_success_count": 6.0,
        "translation_success_count": 6.0,
        "pose_success_count": 6.0,
        "num_all_inlier_correspondences_wrt_gt_model": 4.0,
        "rot3_angular_errors_deg": {
            "summary": {
                "min": 0.018008891005315553,
                "max": 0.07192051794082484,
                "median": 0.0411342908945593,
                "mean": 0.042032047381311034,
                "stddev": 0.016896071699096075,
                "len": 6,
                "invalid": 0,
                "quartiles": {
                    "q0": 0.018008891005315553,
                    "q1": 0.03176323719955135,
                    "q2": 0.0411342908945593,
                    "q3": 0.04879962841218375,
                    "q4": 0.07192051794082484
                }
            }
        },
        "trans_angular_errors_deg": {
            "summary": {
                "min": 0.0196221134208681,
                "max": 0.33900898493625403,
                "median": 0.08681215837625451,
                "mean": 0.12547924123233933,
                "stddev": 0.11107214656637189,
                "len": 6,
                "invalid": 0,
                "quartiles": {
                    "q0": 0.0196221134208681,
                    "q1": 0.03888358206346909,
                    "q2": 0.08681215837625451,
                    "q3": 0.1699875213379618,
                    "q4": 0.33900898493625403
                }
            }
        },
        "pose_errors_deg": {
            "summary": {
                "min": 0.029906887827289334,
                "max": 0.33900898493625403,
                "median": 0.08681215837625451,
                "mean": 0.13009851979852585,
                "stddev": 0.10715278536587966,
                "len": 6,
                "invalid": 0,
                "quartiles": {
                    "q0": 0.029906887827289334,
                    "q1": 0.051956754806492506,
                    "q2": 0.08681215837625451,
                    "q3": 0.1699875213379618,
                    "q4": 0.33900898493625403
                }
            }
        },
        "inlier_ratio_wrt_gt_model": {
            "summary": {
                "min": 0.8397085666656494,
                "max": 1.0,
                "median": 1.0,
                "mean": 0.9731666445732117,
                "stddev": 0.05968483164906502,
                "len": 6,
                "invalid": 0,
                "quartiles": {
                    "q0": 0.8397085666656494,
                    "q1": 0.9994684755802155,
                    "q2": 1.0,
                    "q3": 1.0,
                    "q4": 1.0
                }
            }
        },
        "inlier_ratio_wrt_est_model": {
            "summary": {
                "min": 0.9904458522796631,
                "max": 0.9979476928710938,
                "median": 0.9961824417114258,
                "mean": 0.9953882694244385,
                "stddev": 0.0025720978155732155,
                "len": 6,
                "invalid": 0,
                "quartiles": {
                    "q0": 0.9904458522796631,
                    "q1": 0.9944005161523819,
                    "q2": 0.9961824715137482,
                    "q3": 0.9973690658807755,
                    "q4": 0.9979476928710938
                }
            }
        },
        "num_inliers_est_model": {
            "summary": {
                "min": 1087,
                "max": 1749,
                "median": 1432.0,
                "mean": 1376.3333333333333,
                "stddev": 228.81700597250682,
                "len": 6,
                "invalid": 0,
                "quartiles": {
                    "q0": 1087.0,
                    "q1": 1176.25,
                    "q2": 1432.0,
                    "q3": 1458.25,
                    "q4": 1749.0
                }
            }
        },
        "num_inliers_gt_model": {
            "summary": {
                "min": 922,
                "max": 1749,
                "median": 1431.5,
                "mean": 1346.8333333333333,
                "stddev": 270.1243026624759,
                "len": 6,
                "invalid": 0,
                "quartiles": {
                    "q0": 922.0,
                    "q1": 1167.75,
                    "q2": 1431.5,
                    "q3": 1458.25,
                    "q4": 1749.0
                }
            }
        }
    }
}