{
    "data_association_metrics": {
        "2D_track_lengths": {
            "summary": {
                "min": 2,
                "max": 6,
                "median": 3.0,
                "mean": 3.1941984732824427,
                "stddev": 1.329005800823918,
                "len": 3275,
                "invalid": 0,
                "histogram": {
                    "2": 700,
                    "3": 473,
                    "4": 399,
                    "5": 267
                }
            }
        },
        "accepted_tracks_ratio": 0.557557225227356,
        "track_cheirality_failure_ratio": 0.0,
        "num_accepted_tracks": 1826.0,
        "3d_tracks_length": {
            "summary": {
                "min": 3,
                "max": 6,
                "median": 4.0,
                "mean": 4.1308871851040525,
                "stddev": 1.0779371507485616,
                "len": 1826,
                "invalid": 0,
                "histogram": {
                    "3": 471,
                    "4": 398,
                    "5": 266
                }
            }
        },
        "accepted_track_avg_errors_px": {
            "summary": {
                "min": 0.0709029883146286,
                "max": 4.151174545288086,
                "median": 0.5574672222137451,
                "mean": 0.7150333523750305,
                "stddev": 0.5278249382972717,
                "len": 1826,
                "invalid": 0,
                "quartiles": {
                    "q0": 0.0709029883146286,
                    "q1": 0.4054633677005768,
                    "q2": 0.5574671924114227,
                    "q3": 0.8331397771835327,
                    "q4": 4.151174545288086
                }
            }
        },
        "rejected_track_avg_errors_px": {
            "summary": {
                "min": 8.099254046101123e-05,
                "max": 1.1255078315734863,
                "median": 0.20428943634033203,
                "mean": 0.22358424961566925,
                "stddev": 0.16097456216812134,
                "len": 1449,
                "invalid": 0,
                "quartiles": {
                    "q0": 8.099254046101123e-05,
                    "q1": 0.09486107528209686,
                    "q2": 0.20428943634033203,
                    "q3": 0.3270151913166046,
                    "q4": 1.1255078315734863
                }
            }
        },
        "number_cameras": 6.0,
        "triangulation_runtime_sec": 10.942591667175293,
        "gtsfm_data_creation_runtime": 0.03852558135986328,
        "total_duration_sec": 10.981118202209473
    }
}