{
    "rotation_averaging_metrics": {
        "num_rotations_computed": 6.0,
        "rotation_angle_error_deg": {
            "summary": {
                "min": 0.044690053910017014,
                "max": 0.15884266793727875,
                "median": 0.06163214147090912,
                "mean": 0.07793337851762772,
                "stddev": 0.03986332193017006,
                "len": 100,
                "invalid": 94,
                "quartiles": {
                    "q0": null,
                    "q1": null,
                    "q2": null,
                    "q3": null,
                    "q4": null
                }
            }
        },
        "total_duration_sec": 0.0008804798126220703
    }
}