{
    "translation_averaging_metrics": {
        "num_total_1dsfm_measurements": 7604.0,
        "num_camera_1dsfm_measurements": 15.0,
        "num_track_1dsfm_measurements": 7589.0,
        "num_translations_estimated": 6.0,
        "inlier_relative_translation_angle_error_deg": {
            "summary": {
                "min": 0.0,
                "max": 1.2074182222931995e-06,
                "median": 0.0,
                "mean": 2.512492756068241e-07,
                "stddev": 4.2408757394696295e-07,
                "len": 15,
                "invalid": 0,
                "quartiles": {
                    "q0": 0.0,
                    "q1": 0.0,
                    "q2": 0.0,
                    "q3": 4.2688682810876344e-07,
                    "q4": 1.2074182222931995e-06
                }
            }
        },
        "num_inlier_1dsfm_measurements": 15.0,
        "num_outlier_1dsfm_measurements": 0.0,
        "1dsfm_precision_5_deg": 1.0,
        "1dsfm_recall_5_deg": 1.0,
        "1dsfm_inlier_angular_errors_deg": {
            "summary": {
                "min": 0.037181075228598176,
                "max": 0.6859487147611305,
                "median": 0.3245596177681094,
                "mean": 0.31576483790978976,
                "stddev": 0.1954102059469605,
                "len": 15,
                "invalid": 0,
                "quartiles": {
                    "q0": 0.037181075228598176,
                    "q1": 0.13715394303748055,
                    "q2": 0.3245596177681094,
                    "q3": 0.38492518328101333,
                    "q4": 0.6859487147611305
                }
            }
        },
        "1dsfm_outlier_angular_errors_deg": {
            "summary": {
                "min": null,
                "max": null,
                "median": null,
                "mean": null,
                "stddev": null
            }
        },
        "relative_translation_angle_error_deg": {
            "summary": {
                "min": 0.02920479141175747,
                "max": 0.4835032522678375,
                "median": 0.1926884651184082,
                "mean": 0.19327028095722198,
                "stddev": 0.11953134834766388,
                "len": 15,
                "invalid": 0,
                "quartiles": {
                    "q0": 0.02920479141175747,
                    "q1": 0.10201381146907806,
                    "q2": 0.1926884651184082,
                    "q3": 0.23125267773866653,
                    "q4": 0.4835032522678375
                }
            }
        },
        "translation_error_distance": {
            "summary": {
                "min": 0.000476745335618034,
                "max": 0.004872939549386501,
                "median": 0.0013878938043490052,
                "mean": 0.0019214822677895427,
                "stddev": 0.0015877820551395416,
                "len": 100,
                "invalid": 94,
                "quartiles": {
                    "q0": null,
                    "q1": null,
                    "q2": null,
                    "q3": null,
                    "q4": null
                }
            }
        },
        "translation_angle_error_deg": {
            "summary": {
                "min": 0.006529351230710745,
                "max": 0.07505983859300613,
                "median": 0.0214230939745903,
                "mean": 0.02868594042956829,
                "stddev": 0.024363797158002853,
                "len": 100,
                "invalid": 94,
                "quartiles": {
                    "q0": null,
                    "q1": null,
                    "q2": null,
                    "q3": null,
                    "q4": null
                }
            }
        },
        "total_duration_sec": 2.473520040512085,
        "outlier_rejection_duration_sec": 2.1457672119140625e-06,
        "optimization_duration_sec": 2.380685329437256
    }
}