{
    "verifier_summary_VIEWGRAPH_2VIEW_REPORT": {
        "angular_err_threshold_deg": 5.0,
        "num_input_image_pairs": 15.0,
        "num_valid_image_pairs": 15.0,
        "rotation_success_count": 15.0,
        "translation_success_count": 15.0,
        "pose_success_count": 15.0,
        "num_all_inlier_correspondences_wrt_gt_model": 5.0,
        "rot3_angular_errors_deg": {
            "summary": {
                "min": 0.019668372911844215,
                "max": 0.3139479081814405,
                "median": 0.15626980709725932,
                "mean": 0.16765469446853895,
                "stddev": 0.09174292570741747,
                "len": 15,
                "invalid": 0,
                "quartiles": {
                    "q0": 0.019668372911844215,
                    "q1": 0.09490538400296142,
                    "q2": 0.15626980709725932,
                    "q3": 0.2507203135600558,
                    "q4": 0.3139479081814405
                }
            }
        },
        "trans_angular_errors_deg": {
            "summary": {
                "min": 0.037181075228598176,
                "max": 0.6859487147611305,
                "median": 0.3245596177681094,
                "mean": 0.31576483790978976,
                "stddev": 0.1954102059469605,
                "len": 15,
                "invalid": 0,
                "quartiles": {
                    "q0": 0.037181075228598176,
                    "q1": 0.13715394303748055,
                    "q2": 0.3245596177681094,
                    "q3": 0.38492518328101333,
                    "q4": 0.6859487147611305
                }
            }
        },
        "pose_errors_deg": {
            "summary": {
                "min": 0.037181075228598176,
                "max": 0.6859487147611305,
                "median": 0.3245596177681094,
                "mean": 0.31790943775055314,
                "stddev": 0.19508835572584649,
                "len": 15,
                "invalid": 0,
                "quartiles": {
                    "q0": 0.037181075228598176,
                    "q1": 0.13715394303748055,
                    "q2": 0.3245596177681094,
                    "q3": 0.38492518328101333,
                    "q4": 0.6859487147611305
                }
            }
        },
        "inlier_ratio_wrt_gt_model": {
            "summary": {
                "min": 0.8606060743331909,
                "max": 1.0,
                "median": 0.9930761456489563,
                "mean": 0.9795604348182678,
                "stddev": 0.03491029515862465,
                "len": 15,
                "invalid": 0,
                "quartiles": {
                    "q0": 0.8606060743331909,
                    "q1": 0.9712893068790436,
                    "q2": 0.9930761456489563,
                    "q3": 1.0,
                    "q4": 1.0
                }
            }
        },
        "inlier_ratio_wrt_est_model": {
            "summary": {
                "min": 0.977689266204834,
                "max": 0.999378502368927,
                "median": 0.9936781525611877,
                "mean": 0.9922680258750916,
                "stddev": 0.005553433205932379,
                "len": 15,
                "invalid": 0,
                "quartiles": {
                    "q0": 0.977689266204834,
                    "q1": 0.9887888729572296,
                    "q2": 0.9936781525611877,
                    "q3": 0.9951067268848419,
                    "q4": 0.999378502368927
                }
            }
        },
        "num_inliers_est_model": {
            "summary": {
                "min": 495,
                "max": 1613,
                "median": 1011.0,
                "mean": 1027.4666666666667,
                "stddev": 334.625734548648,
                "len": 15,
                "invalid": 0,
                "quartiles": {
                    "q0": 495.0,
                    "q1": 761.0,
                    "q2": 1011.0,
                    "q3": 1292.5,
                    "q4": 1613.0
                }
            }
        },
        "num_inliers_gt_model": {
            "summary": {
                "min": 426,
                "max": 1577,
                "median": 1004.0,
                "mean": 1011.4,
                "stddev": 339.48663203922086,
                "len": 15,
                "invalid": 0,
                "quartiles": {
                    "q0": 426.0,
                    "q1": 756.0,
                    "q2": 1004.0,
                    "q3": 1290.5,
                    "q4": 1577.0
                }
            }
        }
    }
}