{
    "bundle_adjustment_metrics": {
        "number_cameras": 28.0,
        "number_tracks_unfiltered": 5222.0,
        "3d_track_lengths_unfiltered": {
            "summary": {
                "min": 3,
                "max": 20,
                "median": 4.0,
                "mean": 5.498659517426273,
                "stddev": 3.3052738812725515,
                "len": 5222,
                "invalid": 0,
                "histogram": {
                    "3": 969,
                    "4": 633,
                    "5": 371,
                    "6": 290,
                    "7": 221,
                    "8": 170,
                    "9": 156,
                    "10": 122,
                    "11": 89,
                    "12": 69,
                    "13": 58,
                    "14": 58,
                    "15": 42,
                    "16": 37,
                    "17": 10,
                    "18": 15,
                    "19": 4
                }
            }
        },
        "reprojection_errors_unfiltered_px": {
            "summary": {
                "min": 0.0032418745018086476,
                "max": 21.25796524008052,
                "median": 0.5921293476436678,
                "mean": 0.8335406970174786,
                "stddev": 1.016934429497143,
                "len": 28714,
                "invalid": 0,
                "quartiles": {
                    "q0": 0.0032418745018086476,
                    "q1": 0.3603992806556624,
                    "q2": 0.5921293476436678,
                    "q3": 0.9155045083339545,
                    "q4": 21.25796524008052
                }
            }
        },
        "rotation_angle_error_deg": {
            "summary": {
                "min": 0.009785703383386135,
                "max": 0.4409242570400238,
                "median": 0.02510181814432144,
                "mean": 0.05938221886754036,
                "stddev": 0.10300365835428238,
                "len": 100,
                "invalid": 72,
                "quartiles": {
                    "q0": null,
                    "q1": null,
                    "q2": null,
                    "q3": null,
                    "q4": null
                }
            }
        },
        "translation_error_distance": {
            "summary": {
                "min": 0.00032789597753435373,
                "max": 0.022179465740919113,
                "median": 0.0009820214472711086,
                "mean": 0.0026882034726440907,
                "stddev": 0.005168893374502659,
                "len": 100,
                "invalid": 72,
                "quartiles": {
                    "q0": null,
                    "q1": null,
                    "q2": null,
                    "q3": null,
                    "q4": null
                }
            }
        },
        "relative_translation_angle_error_deg": {
            "summary": {
                "min": 0.0021389371249824762,
                "max": 1.2955811023712158,
                "median": 0.04300198704004288,
                "mean": 0.0764956921339035,
                "stddev": 0.10253371298313141,
                "len": 378,
                "invalid": 0,
                "quartiles": {
                    "q0": 0.0021389371249824762,
                    "q1": 0.02256824215874076,
                    "q2": 0.04300198517739773,
                    "q3": 0.095749506726861,
                    "q4": 1.2955811023712158
                }
            }
        },
        "translation_angle_error_deg": {
            "summary": {
                "min": 0.0037396466359496117,
                "max": 0.3954799771308899,
                "median": 0.012086618691682816,
                "mean": 0.04065728187561035,
                "stddev": 0.08963491022586823,
                "len": 100,
                "invalid": 72,
                "quartiles": {
                    "q0": null,
                    "q1": null,
                    "q2": null,
                    "q3": null,
                    "q4": null
                }
            }
        },
        "relative_rotation_angle_error_deg": {
            "summary": {
                "min": 0.004411822184920311,
                "max": 0.4935731887817383,
                "median": 0.043131984770298004,
                "mean": 0.09893964231014252,
                "stddev": 0.13274013996124268,
                "len": 378,
                "invalid": 0,
                "quartiles": {
                    "q0": 0.004411822184920311,
                    "q1": 0.026403446216136217,
                    "q2": 0.043131982907652855,
                    "q3": 0.08262900076806545,
                    "q4": 0.4935731887817383
                }
            }
        },
        "pose_auc_@1.0_deg": 0.877121090888977,
        "pose_auc_@2.5_deg": 0.950861930847168,
        "pose_auc_@5.0_deg": 0.975430965423584,
        "pose_auc_@10.0_deg": 0.987715482711792,
        "pose_auc_@20.0_deg": 0.993857741355896,
        "Filtered tracks triangulated with GT cams: SUCCESS": 4451.0,
        "Filtered tracks triangulated with GT cams: EXCEEDS_REPROJ_THRESH": 2.0,
        "number_tracks_filtered": 4453.0,
        "3d_track_lengths_filtered": {
            "summary": {
                "min": 3,
                "max": 20,
                "median": 4.0,
                "mean": 5.415225690545699,
                "stddev": 3.255331190272486,
                "len": 4453,
                "invalid": 0,
                "histogram": {
                    "3": 825,
                    "4": 528,
                    "5": 296,
                    "6": 249,
                    "7": 178,
                    "8": 143,
                    "9": 135,
                    "10": 95,
                    "11": 70,
                    "12": 58,
                    "13": 48,
                    "14": 50,
                    "15": 36,
                    "16": 31,
                    "17": 8,
                    "18": 10,
                    "19": 1
                }
            }
        },
        "reprojection_errors_filtered_px": {
            "summary": {
                "min": 0.003241874501635456,
                "max": 2.9939272004032786,
                "median": 0.546243013886222,
                "mean": 0.6447452365136329,
                "stddev": 0.4544571200785986,
                "len": 24114,
                "invalid": 0,
                "quartiles": {
                    "q0": 0.003241874501635456,
                    "q1": 0.33691199917567094,
                    "q2": 0.546243013886222,
                    "q3": 0.8212851690989169,
                    "q4": 2.9939272004032786
                }
            }
        },
        "step_0_run_duration_sec": 3.0261178016662598,
        "step_1_run_duration_sec": 2.6748340129852295,
        "step_2_run_duration_sec": 2.801438570022583,
        "total_run_duration_sec": 8.503660202026367
    }
}