{
    "data_association_metrics": {
        "2D_track_lengths": {
            "summary": {
                "min": 2,
                "max": 21,
                "median": 2.0,
                "mean": 3.7281258625448523,
                "stddev": 2.9142625017557635,
                "len": 10869,
                "invalid": 0,
                "histogram": {
                    "2": 1958,
                    "3": 993,
                    "4": 654,
                    "5": 390,
                    "6": 300,
                    "7": 219,
                    "8": 169,
                    "9": 160,
                    "10": 122,
                    "11": 91,
                    "12": 77,
                    "13": 58,
                    "14": 61,
                    "15": 41,
                    "16": 41,
                    "17": 9,
                    "18": 17,
                    "19": 2,
                    "20": 2
                }
            }
        },
        "accepted_tracks_ratio": 0.48044899106025696,
        "track_cheirality_failure_ratio": 9.20047823456116e-05,
        "num_accepted_tracks": 5222.0,
        "3d_tracks_length": {
            "summary": {
                "min": 3,
                "max": 20,
                "median": 4.0,
                "mean": 5.498659517426273,
                "stddev": 3.3052738812725515,
                "len": 5222,
                "invalid": 0,
                "histogram": {
                    "3": 969,
                    "4": 633,
                    "5": 371,
                    "6": 290,
                    "7": 221,
                    "8": 170,
                    "9": 156,
                    "10": 122,
                    "11": 89,
                    "12": 69,
                    "13": 58,
                    "14": 58,
                    "15": 42,
                    "16": 37,
                    "17": 10,
                    "18": 15,
                    "19": 4
                }
            }
        },
        "accepted_track_avg_errors_px": {
            "summary": {
                "min": 0.014475560747087002,
                "max": 5.262688636779785,
                "median": 0.6662136316299438,
                "mean": 0.9062002301216125,
                "stddev": 0.7369707226753235,
                "len": 5222,
                "invalid": 0,
                "quartiles": {
                    "q0": 0.014475560747087002,
                    "q1": 0.4616079702973366,
                    "q2": 0.6662136018276215,
                    "q3": 1.0407291054725647,
                    "q4": 5.262688636779785
                }
            }
        },
        "rejected_track_avg_errors_px": {
            "summary": {
                "min": 8.617006824351847e-05,
                "max": 6.402894020080566,
                "median": 0.21070775389671326,
                "mean": 0.2527915835380554,
                "stddev": 0.2959795594215393,
                "len": 5646,
                "invalid": 2,
                "quartiles": {
                    "q0": null,
                    "q1": null,
                    "q2": null,
                    "q3": null,
                    "q4": null
                }
            }
        },
        "number_cameras": 28.0,
        "triangulation_runtime_sec": 17.950124740600586,
        "gtsfm_data_creation_runtime": 0.12368321418762207,
        "total_duration_sec": 18.073810577392578
    }
}