{
    "verifier_summary_POST_INLIER_SUPPORT_PROCESSOR_2VIEW_REPORT": {
        "angular_err_threshold_deg": 5.0,
        "num_input_image_pairs": 87.0,
        "num_valid_image_pairs": 87.0,
        "rotation_success_count": 82.0,
        "translation_success_count": 85.0,
        "pose_success_count": 82.0,
        "num_all_inlier_correspondences_wrt_gt_model": 44.0,
        "rot3_angular_errors_deg": {
            "summary": {
                "min": 0.008175016678886812,
                "max": 177.46602812473625,
                "median": 0.0856546217327655,
                "mean": 3.678749782315588,
                "stddev": 21.510870588394713,
                "len": 87,
                "invalid": 0,
                "quartiles": {
                    "q0": 0.008175016678886812,
                    "q1": 0.04687728062051409,
                    "q2": 0.0856546217327655,
                    "q3": 0.18747847873384998,
                    "q4": 177.46602812473625
                }
            }
        },
        "trans_angular_errors_deg": {
            "summary": {
                "min": 0.005700239748347292,
                "max": 85.70417596945111,
                "median": 0.17467980946831468,
                "mean": 1.9318167718939374,
                "stddev": 10.497269540200776,
                "len": 87,
                "invalid": 0,
                "quartiles": {
                    "q0": 0.005700239748347292,
                    "q1": 0.09956698498516856,
                    "q2": 0.17467980946831468,
                    "q3": 0.29045675113206937,
                    "q4": 85.70417596945111
                }
            }
        },
        "pose_errors_deg": {
            "summary": {
                "min": 0.04660071512908607,
                "max": 177.46602812473625,
                "median": 0.18004968642869995,
                "mean": 3.762153466623901,
                "stddev": 21.49762583434069,
                "len": 87,
                "invalid": 0,
                "quartiles": {
                    "q0": 0.04660071512908607,
                    "q1": 0.11193582822201796,
                    "q2": 0.18004968642869995,
                    "q3": 0.3358501905583905,
                    "q4": 177.46602812473625
                }
            }
        },
        "inlier_ratio_wrt_gt_model": {
            "summary": {
                "min": 0.43478259444236755,
                "max": 1.0,
                "median": 1.0,
                "mean": 0.9632892608642578,
                "stddev": 0.11063476651906967,
                "len": 87,
                "invalid": 0,
                "quartiles": {
                    "q0": 0.43478259444236755,
                    "q1": 0.9835526943206787,
                    "q2": 1.0,
                    "q3": 1.0,
                    "q4": 1.0
                }
            }
        },
        "inlier_ratio_wrt_est_model": {
            "summary": {
                "min": 0.5463917255401611,
                "max": 1.0,
                "median": 0.9934250116348267,
                "mean": 0.9563714265823364,
                "stddev": 0.08839312940835953,
                "len": 87,
                "invalid": 0,
                "quartiles": {
                    "q0": 0.5463917255401611,
                    "q1": 0.9664039611816406,
                    "q2": 0.9934250116348267,
                    "q3": 0.9977052807807922,
                    "q4": 1.0
                }
            }
        },
        "num_inliers_est_model": {
            "summary": {
                "min": 19,
                "max": 1691,
                "median": 815.0,
                "mean": 781.551724137931,
                "stddev": 456.15042786547394,
                "len": 87,
                "invalid": 0,
                "quartiles": {
                    "q0": 19.0,
                    "q1": 426.0,
                    "q2": 815.0,
                    "q3": 1111.5,
                    "q4": 1691.0
                }
            }
        },
        "num_inliers_gt_model": {
            "summary": {
                "min": 9,
                "max": 1691,
                "median": 815.0,
                "mean": 775.8045977011494,
                "stddev": 457.2473069893097,
                "len": 87,
                "invalid": 0,
                "quartiles": {
                    "q0": 9.0,
                    "q1": 426.0,
                    "q2": 815.0,
                    "q3": 1103.0,
                    "q4": 1691.0
                }
            }
        }
    }
}