{
    "verifier_summary_VIEWGRAPH_2VIEW_REPORT": {
        "angular_err_threshold_deg": 5.0,
        "num_input_image_pairs": 85.0,
        "num_valid_image_pairs": 85.0,
        "rotation_success_count": 82.0,
        "translation_success_count": 85.0,
        "pose_success_count": 82.0,
        "num_all_inlier_correspondences_wrt_gt_model": 44.0,
        "rot3_angular_errors_deg": {
            "summary": {
                "min": 0.008175016678886812,
                "max": 8.664360136957317,
                "median": 0.08159385451356607,
                "mean": 0.5164035456267378,
                "stddev": 1.4432935655547896,
                "len": 85,
                "invalid": 0,
                "quartiles": {
                    "q0": 0.008175016678886812,
                    "q1": 0.04638490883031224,
                    "q2": 0.08159385451356607,
                    "q3": 0.1738711173502034,
                    "q4": 8.664360136957317
                }
            }
        },
        "trans_angular_errors_deg": {
            "summary": {
                "min": 0.005700239748347292,
                "max": 4.387535301508929,
                "median": 0.16932085835461633,
                "mean": 0.37961857628837664,
                "stddev": 0.7222835396105546,
                "len": 85,
                "invalid": 0,
                "quartiles": {
                    "q0": 0.005700239748347292,
                    "q1": 0.09930174516820804,
                    "q2": 0.16932085835461633,
                    "q3": 0.2865652400980549,
                    "q4": 4.387535301508929
                }
            }
        },
        "pose_errors_deg": {
            "summary": {
                "min": 0.04660071512908607,
                "max": 8.664360136957317,
                "median": 0.17937694787147346,
                "mean": 0.6017696695658334,
                "stddev": 1.4282167525231682,
                "len": 85,
                "invalid": 0,
                "quartiles": {
                    "q0": 0.04660071512908607,
                    "q1": 0.11157528966032851,
                    "q2": 0.17937694787147346,
                    "q3": 0.3128518873165496,
                    "q4": 8.664360136957317
                }
            }
        },
        "inlier_ratio_wrt_gt_model": {
            "summary": {
                "min": 0.43478259444236755,
                "max": 1.0,
                "median": 1.0,
                "mean": 0.9716562628746033,
                "stddev": 0.0973723828792572,
                "len": 85,
                "invalid": 0,
                "quartiles": {
                    "q0": 0.43478259444236755,
                    "q1": 0.9886462688446045,
                    "q2": 1.0,
                    "q3": 1.0,
                    "q4": 1.0
                }
            }
        },
        "inlier_ratio_wrt_est_model": {
            "summary": {
                "min": 0.5463917255401611,
                "max": 1.0,
                "median": 0.9939478635787964,
                "mean": 0.9635859131813049,
                "stddev": 0.07551561295986176,
                "len": 85,
                "invalid": 0,
                "quartiles": {
                    "q0": 0.5463917255401611,
                    "q1": 0.9691057205200195,
                    "q2": 0.9939478635787964,
                    "q3": 0.9977129697799683,
                    "q4": 1.0
                }
            }
        },
        "num_inliers_est_model": {
            "summary": {
                "min": 19,
                "max": 1691,
                "median": 840.0,
                "mean": 799.4,
                "stddev": 446.21904934684267,
                "len": 85,
                "invalid": 0,
                "quartiles": {
                    "q0": 19.0,
                    "q1": 444.0,
                    "q2": 840.0,
                    "q3": 1119.0,
                    "q4": 1691.0
                }
            }
        },
        "num_inliers_gt_model": {
            "summary": {
                "min": 9,
                "max": 1691,
                "median": 831.0,
                "mean": 793.7294117647059,
                "stddev": 447.23362464969136,
                "len": 85,
                "invalid": 0,
                "quartiles": {
                    "q0": 9.0,
                    "q1": 439.0,
                    "q2": 831.0,
                    "q3": 1104.0,
                    "q4": 1691.0
                }
            }
        }
    }
}