{
    "bundle_adjustment_metrics": {
        "number_cameras": 8.0,
        "number_tracks_unfiltered": 2668.0,
        "3d_track_lengths_unfiltered": {
            "summary": {
                "min": 3,
                "max": 8,
                "median": 4.0,
                "mean": 4.483133433283358,
                "stddev": 1.4033373432062721,
                "len": 2668,
                "invalid": 0,
                "histogram": {
                    "3": 618,
                    "4": 556,
                    "5": 349,
                    "6": 190,
                    "7": 84
                }
            }
        },
        "reprojection_errors_unfiltered_px": {
            "summary": {
                "min": 0.0028288313356724624,
                "max": 10.283163515122315,
                "median": 0.5365108545070619,
                "mean": 0.6839132567498379,
                "stddev": 0.6932802814244309,
                "len": 11961,
                "invalid": 0,
                "quartiles": {
                    "q0": 0.0028288313356724624,
                    "q1": 0.3303056124556386,
                    "q2": 0.5365108545070619,
                    "q3": 0.8151514835669855,
                    "q4": 10.283163515122315
                }
            }
        },
        "rotation_angle_error_deg": {
            "summary": {
                "min": 0.004255056846886873,
                "max": 0.055903110653162,
                "median": 0.01866796426475048,
                "mean": 0.024410415440797806,
                "stddev": 0.019791442900896072,
                "len": 100,
                "invalid": 92,
                "quartiles": {
                    "q0": null,
                    "q1": null,
                    "q2": null,
                    "q3": null,
                    "q4": null
                }
            }
        },
        "translation_error_distance": {
            "summary": {
                "min": 0.00011885671847267076,
                "max": 0.0021610516123473644,
                "median": 0.00045651968684978783,
                "mean": 0.000684459344483912,
                "stddev": 0.0006571752019226551,
                "len": 100,
                "invalid": 92,
                "quartiles": {
                    "q0": null,
                    "q1": null,
                    "q2": null,
                    "q3": null,
                    "q4": null
                }
            }
        },
        "relative_translation_angle_error_deg": {
            "summary": {
                "min": 0.012572643347084522,
                "max": 0.31449124217033386,
                "median": 0.03027428314089775,
                "mean": 0.05197588726878166,
                "stddev": 0.057413142174482346,
                "len": 28,
                "invalid": 0,
                "quartiles": {
                    "q0": 0.012572643347084522,
                    "q1": 0.020849092863500118,
                    "q2": 0.030274284072220325,
                    "q3": 0.061820278875529766,
                    "q4": 0.31449124217033386
                }
            }
        },
        "translation_angle_error_deg": {
            "summary": {
                "min": 0.0010052727302536368,
                "max": 0.02125406451523304,
                "median": 0.004950635135173798,
                "mean": 0.007636375725269318,
                "stddev": 0.007384713273495436,
                "len": 100,
                "invalid": 92,
                "quartiles": {
                    "q0": null,
                    "q1": null,
                    "q2": null,
                    "q3": null,
                    "q4": null
                }
            }
        },
        "relative_rotation_angle_error_deg": {
            "summary": {
                "min": 0.0069383480586111546,
                "max": 0.10304955393075943,
                "median": 0.03921769559383392,
                "mean": 0.04041268303990364,
                "stddev": 0.02406851202249527,
                "len": 28,
                "invalid": 0,
                "quartiles": {
                    "q0": 0.0069383480586111546,
                    "q1": 0.01996001461520791,
                    "q2": 0.03921769559383392,
                    "q3": 0.05511173512786627,
                    "q4": 0.10304955393075943
                }
            }
        },
        "pose_auc_@1.0_deg": 0.9455095529556274,
        "pose_auc_@2.5_deg": 0.9782038331031799,
        "pose_auc_@5.0_deg": 0.9891018867492676,
        "pose_auc_@10.0_deg": 0.9945509433746338,
        "pose_auc_@20.0_deg": 0.9972754716873169,
        "Filtered tracks triangulated with GT cams: SUCCESS": 2485.0,
        "number_tracks_filtered": 2485.0,
        "3d_track_lengths_filtered": {
            "summary": {
                "min": 3,
                "max": 8,
                "median": 4.0,
                "mean": 4.475251509054326,
                "stddev": 1.4087578854443181,
                "len": 2485,
                "invalid": 0,
                "histogram": {
                    "3": 561,
                    "4": 516,
                    "5": 319,
                    "6": 184,
                    "7": 76
                }
            }
        },
        "reprojection_errors_filtered_px": {
            "summary": {
                "min": 0.002828831335639549,
                "max": 2.9951945591613356,
                "median": 0.5206304806808039,
                "mean": 0.6039621989195716,
                "stddev": 0.4185321497350397,
                "len": 11121,
                "invalid": 0,
                "quartiles": {
                    "q0": 0.002828831335639549,
                    "q1": 0.3204253927122142,
                    "q2": 0.5206304806808039,
                    "q3": 0.775549409742246,
                    "q4": 2.9951945591613356
                }
            }
        },
        "step_0_run_duration_sec": 1.1863420009613037,
        "step_1_run_duration_sec": 1.1601662635803223,
        "step_2_run_duration_sec": 1.1771736145019531,
        "total_run_duration_sec": 3.5242021083831787
    }
}