{
    "rotation_averaging_metrics": {
        "num_rotations_computed": 8.0,
        "rotation_angle_error_deg": {
            "summary": {
                "min": 0.039285141974687576,
                "max": 0.3982549011707306,
                "median": 0.06950545310974121,
                "mean": 0.11013788729906082,
                "stddev": 0.11009259521961212,
                "len": 100,
                "invalid": 92,
                "quartiles": {
                    "q0": null,
                    "q1": null,
                    "q2": null,
                    "q3": null,
                    "q4": null
                }
            }
        },
        "total_duration_sec": 0.0017342567443847656
    }
}