{
    "verifier_summary_VIEWGRAPH_2VIEW_REPORT": {
        "angular_err_threshold_deg": 5.0,
        "num_input_image_pairs": 17.0,
        "num_valid_image_pairs": 17.0,
        "rotation_success_count": 17.0,
        "translation_success_count": 17.0,
        "pose_success_count": 17.0,
        "num_all_inlier_correspondences_wrt_gt_model": 7.0,
        "rot3_angular_errors_deg": {
            "summary": {
                "min": 0.012155924828832173,
                "max": 0.4346929536569696,
                "median": 0.058663295062674856,
                "mean": 0.08444937010904713,
                "stddev": 0.09359400382615839,
                "len": 17,
                "invalid": 0,
                "quartiles": {
                    "q0": 0.012155924828832173,
                    "q1": 0.04476074874289483,
                    "q2": 0.058663295062674856,
                    "q3": 0.09464997264756207,
                    "q4": 0.4346929536569696
                }
            }
        },
        "trans_angular_errors_deg": {
            "summary": {
                "min": 0.016000784111431823,
                "max": 0.6139901162008674,
                "median": 0.08140923324311163,
                "mean": 0.16209195435298307,
                "stddev": 0.15568674309593664,
                "len": 17,
                "invalid": 0,
                "quartiles": {
                    "q0": 0.016000784111431823,
                    "q1": 0.06698642078987518,
                    "q2": 0.08140923324311163,
                    "q3": 0.198105135519837,
                    "q4": 0.6139901162008674
                }
            }
        },
        "pose_errors_deg": {
            "summary": {
                "min": 0.02464465657374411,
                "max": 0.6139901162008674,
                "median": 0.1024659406867655,
                "mean": 0.17458677280465668,
                "stddev": 0.16577951643672104,
                "len": 17,
                "invalid": 0,
                "quartiles": {
                    "q0": 0.02464465657374411,
                    "q1": 0.06698642078987518,
                    "q2": 0.1024659406867655,
                    "q3": 0.198105135519837,
                    "q4": 0.6139901162008674
                }
            }
        },
        "inlier_ratio_wrt_gt_model": {
            "summary": {
                "min": 0.8722397685050964,
                "max": 1.0,
                "median": 0.9981458783149719,
                "mean": 0.9791057705879211,
                "stddev": 0.03230760991573334,
                "len": 17,
                "invalid": 0,
                "quartiles": {
                    "q0": 0.8722397685050964,
                    "q1": 0.9725130796432495,
                    "q2": 0.9981458783149719,
                    "q3": 1.0,
                    "q4": 1.0
                }
            }
        },
        "inlier_ratio_wrt_est_model": {
            "summary": {
                "min": 0.9783352613449097,
                "max": 0.9986067414283752,
                "median": 0.9919893145561218,
                "mean": 0.992151141166687,
                "stddev": 0.004754028748720884,
                "len": 17,
                "invalid": 0,
                "quartiles": {
                    "q0": 0.9783352613449097,
                    "q1": 0.9909774661064148,
                    "q2": 0.9919893145561218,
                    "q3": 0.9957805871963501,
                    "q4": 0.9986067414283752
                }
            }
        },
        "num_inliers_est_model": {
            "summary": {
                "min": 536,
                "max": 2118,
                "median": 1289.0,
                "mean": 1337.235294117647,
                "stddev": 471.21114655393944,
                "len": 17,
                "invalid": 0,
                "quartiles": {
                    "q0": 536.0,
                    "q1": 1005.0,
                    "q2": 1289.0,
                    "q3": 1618.0,
                    "q4": 2118.0
                }
            }
        },
        "num_inliers_gt_model": {
            "summary": {
                "min": 504,
                "max": 2093,
                "median": 1289.0,
                "mean": 1313.5294117647059,
                "stddev": 476.1225889654716,
                "len": 17,
                "invalid": 0,
                "quartiles": {
                    "q0": 504.0,
                    "q1": 1005.0,
                    "q2": 1289.0,
                    "q3": 1615.0,
                    "q4": 2093.0
                }
            }
        }
    }
}