{
    "view_graph_estimation_metrics": {
        "num_input_measurements": 17.0,
        "num_inlier_measurements": 17.0,
        "num_outlier_measurements": 0.0,
        "R_precision": 1.0,
        "R_recall": 1.0,
        "U_precision": 1.0,
        "U_recall": 1.0,
        "inlier_R_angular_errors_deg": {
            "summary": {
                "min": 0.012155924828832173,
                "max": 0.4346929536569696,
                "median": 0.058663295062674856,
                "mean": 0.08444937010904713,
                "stddev": 0.09359400382615839,
                "len": 17,
                "invalid": 0,
                "quartiles": {
                    "q0": 0.012155924828832173,
                    "q1": 0.04476074874289483,
                    "q2": 0.058663295062674856,
                    "q3": 0.09464997264756207,
                    "q4": 0.4346929536569696
                }
            }
        },
        "outlier_R_angular_errors_deg": {
            "summary": {
                "min": null,
                "max": null,
                "median": null,
                "mean": null,
                "stddev": null
            }
        },
        "inlier_U_angular_errors_deg": {
            "summary": {
                "min": 0.016000784111431823,
                "max": 0.6139901162008674,
                "median": 0.08140923324311163,
                "mean": 0.16209195435298307,
                "stddev": 0.15568674309593664,
                "len": 17,
                "invalid": 0,
                "quartiles": {
                    "q0": 0.016000784111431823,
                    "q1": 0.06698642078987518,
                    "q2": 0.08140923324311163,
                    "q3": 0.198105135519837,
                    "q4": 0.6139901162008674
                }
            }
        },
        "outlier_U_angular_errors_deg": {
            "summary": {
                "min": null,
                "max": null,
                "median": null,
                "mean": null,
                "stddev": null
            }
        }
    }
}