{
    "verifier_summary_VIEWGRAPH_2VIEW_REPORT": {
        "angular_err_threshold_deg": 5.0,
        "num_input_image_pairs": 3.0,
        "num_valid_image_pairs": 3.0,
        "rotation_success_count": 3.0,
        "translation_success_count": 3.0,
        "pose_success_count": 3.0,
        "num_all_inlier_correspondences_wrt_gt_model": 2.0,
        "rot3_angular_errors_deg": {
            "summary": {
                "min": 0.06968211363258998,
                "max": 0.37677135015616015,
                "median": 0.14457049431483657,
                "mean": 0.19700798603452893,
                "stddev": 0.13073693102447348,
                "len": 3,
                "invalid": 0,
                "quartiles": {
                    "q0": 0.06968211363258998,
                    "q1": 0.10712630397371328,
                    "q2": 0.14457049431483657,
                    "q3": 0.26067092223549837,
                    "q4": 0.37677135015616015
                }
            }
        },
        "trans_angular_errors_deg": {
            "summary": {
                "min": 0.08145943732771516,
                "max": 0.16918079897923877,
                "median": 0.09174614784609422,
                "mean": 0.11412879471768271,
                "stddev": 0.03915351396092925,
                "len": 3,
                "invalid": 0,
                "quartiles": {
                    "q0": 0.08145943732771516,
                    "q1": 0.08660279258690469,
                    "q2": 0.09174614784609422,
                    "q3": 0.1304634734126665,
                    "q4": 0.16918079897923877
                }
            }
        },
        "pose_errors_deg": {
            "summary": {
                "min": 0.09174614784609422,
                "max": 0.37677135015616015,
                "median": 0.14457049431483657,
                "mean": 0.20436266410569695,
                "stddev": 0.12380406338026717,
                "len": 3,
                "invalid": 0,
                "quartiles": {
                    "q0": 0.09174614784609422,
                    "q1": 0.1181583210804654,
                    "q2": 0.14457049431483657,
                    "q3": 0.26067092223549837,
                    "q4": 0.37677135015616015
                }
            }
        },
        "inlier_ratio_wrt_gt_model": {
            "summary": {
                "min": 0.9978678226470947,
                "max": 1.0,
                "median": 1.0,
                "mean": 0.9992892742156982,
                "stddev": 0.0010051180142909288,
                "len": 3,
                "invalid": 0,
                "quartiles": {
                    "q0": 0.9978678226470947,
                    "q1": 0.9989339113235474,
                    "q2": 1.0,
                    "q3": 1.0,
                    "q4": 1.0
                }
            }
        },
        "inlier_ratio_wrt_est_model": {
            "summary": {
                "min": 0.9662337899208069,
                "max": 0.996696949005127,
                "median": 0.9937888383865356,
                "mean": 0.9855732321739197,
                "stddev": 0.013726461678743362,
                "len": 3,
                "invalid": 0,
                "quartiles": {
                    "q0": 0.9662337899208069,
                    "q1": 0.9800113141536713,
                    "q2": 0.9937888383865356,
                    "q3": 0.9952428936958313,
                    "q4": 0.996696949005127
                }
            }
        },
        "num_inliers_est_model": {
            "summary": {
                "min": 443,
                "max": 758,
                "median": 469.0,
                "mean": 556.6666666666666,
                "stddev": 142.75931571082225,
                "len": 3,
                "invalid": 0,
                "quartiles": {
                    "q0": 443.0,
                    "q1": 456.0,
                    "q2": 469.0,
                    "q3": 613.5,
                    "q4": 758.0
                }
            }
        },
        "num_inliers_gt_model": {
            "summary": {
                "min": 443,
                "max": 758,
                "median": 468.0,
                "mean": 556.3333333333334,
                "stddev": 142.96464209338228,
                "len": 3,
                "invalid": 0,
                "quartiles": {
                    "q0": 443.0,
                    "q1": 455.5,
                    "q2": 468.0,
                    "q3": 613.0,
                    "q4": 758.0
                }
            }
        }
    }
}