{
    "data_association_metrics": {
        "2D_track_lengths": {
            "summary": {
                "min": 2,
                "max": 11,
                "median": 3.0,
                "mean": 3.111879160266257,
                "stddev": 1.4675277467205472,
                "len": 3906,
                "invalid": 0,
                "histogram": {
                    "2": 883,
                    "3": 473,
                    "4": 315,
                    "5": 191,
                    "6": 89,
                    "7": 41,
                    "8": 8,
                    "9": 5,
                    "10": 2
                }
            }
        },
        "accepted_tracks_ratio": 0.4987199306488037,
        "track_cheirality_failure_ratio": 0.0,
        "num_accepted_tracks": 1948.0,
        "3d_tracks_length": {
            "summary": {
                "min": 3,
                "max": 11,
                "median": 4.0,
                "mean": 4.174024640657084,
                "stddev": 1.3863528235422455,
                "len": 1948,
                "invalid": 0,
                "histogram": {
                    "3": 461,
                    "4": 309,
                    "5": 187,
                    "6": 86,
                    "7": 41,
                    "8": 9,
                    "9": 4,
                    "10": 2
                }
            }
        },
        "accepted_track_avg_errors_px": {
            "summary": {
                "min": 0.07491985708475113,
                "max": 4.454014778137207,
                "median": 0.592143177986145,
                "mean": 0.8186810612678528,
                "stddev": 0.6744359731674194,
                "len": 1948,
                "invalid": 0,
                "quartiles": {
                    "q0": 0.07491985708475113,
                    "q1": 0.4042595624923706,
                    "q2": 0.592143177986145,
                    "q3": 0.955305427312851,
                    "q4": 4.454014778137207
                }
            }
        },
        "rejected_track_avg_errors_px": {
            "summary": {
                "min": 0.0001777181460056454,
                "max": 1.884439468383789,
                "median": 0.20691099762916565,
                "mean": 0.2333739697933197,
                "stddev": 0.16711556911468506,
                "len": 1958,
                "invalid": 0,
                "quartiles": {
                    "q0": 0.0001777181460056454,
                    "q1": 0.10194819048047066,
                    "q2": 0.20691099762916565,
                    "q3": 0.34625737369060516,
                    "q4": 1.884439468383789
                }
            }
        },
        "number_cameras": 12.0,
        "triangulation_runtime_sec": 2.1527857780456543,
        "gtsfm_data_creation_runtime": 0.03121495246887207,
        "total_duration_sec": 2.184001922607422
    }
}