{
    "verifier_summary_VIEWGRAPH_2VIEW_REPORT": {
        "angular_err_threshold_deg": 5.0,
        "num_input_image_pairs": 19.0,
        "num_valid_image_pairs": 19.0,
        "rotation_success_count": 19.0,
        "translation_success_count": 19.0,
        "pose_success_count": 19.0,
        "num_all_inlier_correspondences_wrt_gt_model": 11.0,
        "rot3_angular_errors_deg": {
            "summary": {
                "min": 0.04801113995422661,
                "max": 2.672523452670849,
                "median": 0.1093083663512899,
                "mean": 0.47286600306389065,
                "stddev": 0.7328018729384312,
                "len": 19,
                "invalid": 0,
                "quartiles": {
                    "q0": 0.04801113995422661,
                    "q1": 0.07484427915125487,
                    "q2": 0.1093083663512899,
                    "q3": 0.23212458888741572,
                    "q4": 2.672523452670849
                }
            }
        },
        "trans_angular_errors_deg": {
            "summary": {
                "min": 0.037674791863218614,
                "max": 4.4822973967562625,
                "median": 0.12436678394909362,
                "mean": 0.7099147166068304,
                "stddev": 1.176470835874905,
                "len": 19,
                "invalid": 0,
                "quartiles": {
                    "q0": 0.037674791863218614,
                    "q1": 0.09853928803083367,
                    "q2": 0.12436678394909362,
                    "q3": 0.4977179049738619,
                    "q4": 4.4822973967562625
                }
            }
        },
        "pose_errors_deg": {
            "summary": {
                "min": 0.051841536232762546,
                "max": 4.4822973967562625,
                "median": 0.18821260974961004,
                "mean": 0.7257259363680165,
                "stddev": 1.1682628233985086,
                "len": 19,
                "invalid": 0,
                "quartiles": {
                    "q0": 0.051841536232762546,
                    "q1": 0.11499057436086794,
                    "q2": 0.18821260974961004,
                    "q3": 0.4977179049738619,
                    "q4": 4.4822973967562625
                }
            }
        },
        "inlier_ratio_wrt_gt_model": {
            "summary": {
                "min": 0.9227467775344849,
                "max": 1.0,
                "median": 1.0,
                "mean": 0.9853436350822449,
                "stddev": 0.024022474884986877,
                "len": 19,
                "invalid": 0,
                "quartiles": {
                    "q0": 0.9227467775344849,
                    "q1": 0.9825411736965179,
                    "q2": 1.0,
                    "q3": 1.0,
                    "q4": 1.0
                }
            }
        },
        "inlier_ratio_wrt_est_model": {
            "summary": {
                "min": 0.8036697506904602,
                "max": 0.9954308271408081,
                "median": 0.9740802645683289,
                "mean": 0.9487055540084839,
                "stddev": 0.05644388869404793,
                "len": 19,
                "invalid": 0,
                "quartiles": {
                    "q0": 0.8036697506904602,
                    "q1": 0.9289726316928864,
                    "q2": 0.9740802645683289,
                    "q3": 0.9875581562519073,
                    "q4": 0.9954308271408081
                }
            }
        },
        "num_inliers_est_model": {
            "summary": {
                "min": 76,
                "max": 1086,
                "median": 634.0,
                "mean": 595.7894736842105,
                "stddev": 295.9901454524899,
                "len": 19,
                "invalid": 0,
                "quartiles": {
                    "q0": 76.0,
                    "q1": 291.0,
                    "q2": 634.0,
                    "q3": 850.5,
                    "q4": 1086.0
                }
            }
        },
        "num_inliers_gt_model": {
            "summary": {
                "min": 73,
                "max": 1086,
                "median": 634.0,
                "mean": 591.3684210526316,
                "stddev": 298.0807397733418,
                "len": 19,
                "invalid": 0,
                "quartiles": {
                    "q0": 73.0,
                    "q1": 289.5,
                    "q2": 634.0,
                    "q3": 850.5,
                    "q4": 1086.0
                }
            }
        }
    }
}