{
    "bundle_adjustment_metrics": {
        "number_cameras": 12.0,
        "number_tracks_unfiltered": 2470.0,
        "3d_track_lengths_unfiltered": {
            "summary": {
                "min": 3,
                "max": 10,
                "median": 4.0,
                "mean": 4.537651821862348,
                "stddev": 1.6232119880422924,
                "len": 2470,
                "invalid": 0,
                "histogram": {
                    "3": 549,
                    "4": 416,
                    "5": 247,
                    "6": 216,
                    "7": 100,
                    "8": 38,
                    "9": 12
                }
            }
        },
        "reprojection_errors_unfiltered_px": {
            "summary": {
                "min": 0.008558863897611005,
                "max": 19.048194912358273,
                "median": 0.5437225139935827,
                "mean": 0.8311894911183554,
                "stddev": 1.1564490417062916,
                "len": 11208,
                "invalid": 0,
                "quartiles": {
                    "q0": 0.008558863897611005,
                    "q1": 0.33107322501361314,
                    "q2": 0.5437225139935827,
                    "q3": 0.8536984213561437,
                    "q4": 19.048194912358273
                }
            }
        },
        "rotation_angle_error_deg": {
            "summary": {
                "min": 0.004900340456515551,
                "max": 0.21459849178791046,
                "median": 0.03842220455408096,
                "mean": 0.0621178038418293,
                "stddev": 0.06786172091960907,
                "len": 100,
                "invalid": 88,
                "quartiles": {
                    "q0": null,
                    "q1": null,
                    "q2": null,
                    "q3": null,
                    "q4": null
                }
            }
        },
        "translation_error_distance": {
            "summary": {
                "min": 0.0006837061373516917,
                "max": 0.00893824826925993,
                "median": 0.0015213428996503353,
                "mean": 0.002608463168144226,
                "stddev": 0.00278638512827456,
                "len": 100,
                "invalid": 88,
                "quartiles": {
                    "q0": null,
                    "q1": null,
                    "q2": null,
                    "q3": null,
                    "q4": null
                }
            }
        },
        "relative_translation_angle_error_deg": {
            "summary": {
                "min": 0.004262323025614023,
                "max": 7.450182914733887,
                "median": 0.14722388982772827,
                "mean": 0.45132574439048767,
                "stddev": 1.2096307277679443,
                "len": 66,
                "invalid": 0,
                "quartiles": {
                    "q0": 0.004262323025614023,
                    "q1": 0.08778859116137028,
                    "q2": 0.14722388237714767,
                    "q3": 0.3466932401061058,
                    "q4": 7.450182914733887
                }
            }
        },
        "translation_angle_error_deg": {
            "summary": {
                "min": 0.0026753891725093126,
                "max": 0.1615450233221054,
                "median": 0.021344909444451332,
                "mean": 0.042415618896484375,
                "stddev": 0.053029704838991165,
                "len": 100,
                "invalid": 88,
                "quartiles": {
                    "q0": null,
                    "q1": null,
                    "q2": null,
                    "q3": null,
                    "q4": null
                }
            }
        },
        "relative_rotation_angle_error_deg": {
            "summary": {
                "min": 0.009800681844353676,
                "max": 0.23710869252681732,
                "median": 0.06327130645513535,
                "mean": 0.0969029888510704,
                "stddev": 0.07298729568719864,
                "len": 66,
                "invalid": 0,
                "quartiles": {
                    "q0": 0.009800681844353676,
                    "q1": 0.041988504119217396,
                    "q2": 0.06327130645513535,
                    "q3": 0.17899850755929947,
                    "q4": 0.23710869252681732
                }
            }
        },
        "pose_auc_@1.0_deg": 0.7531636357307434,
        "pose_auc_@2.5_deg": 0.8777968883514404,
        "pose_auc_@5.0_deg": 0.9237469434738159,
        "pose_auc_@10.0_deg": 0.959907054901123,
        "pose_auc_@20.0_deg": 0.9799535274505615,
        "Filtered tracks triangulated with GT cams: SUCCESS": 2113.0,
        "number_tracks_filtered": 2113.0,
        "3d_track_lengths_filtered": {
            "summary": {
                "min": 3,
                "max": 10,
                "median": 4.0,
                "mean": 4.4637955513487935,
                "stddev": 1.6065236680824022,
                "len": 2113,
                "invalid": 0,
                "histogram": {
                    "3": 459,
                    "4": 348,
                    "5": 198,
                    "6": 169,
                    "7": 84,
                    "8": 32,
                    "9": 8
                }
            }
        },
        "reprojection_errors_filtered_px": {
            "summary": {
                "min": 0.008558863897666006,
                "max": 2.9981478688348338,
                "median": 0.49957484008634184,
                "mean": 0.5988081978377296,
                "stddev": 0.4409693346698515,
                "len": 9432,
                "invalid": 0,
                "quartiles": {
                    "q0": 0.008558863897666006,
                    "q1": 0.3093326074989634,
                    "q2": 0.49957484008634184,
                    "q3": 0.7573861203408356,
                    "q4": 2.9981478688348338
                }
            }
        },
        "step_0_run_duration_sec": 1.3204452991485596,
        "step_1_run_duration_sec": 1.2599208354949951,
        "step_2_run_duration_sec": 1.2744901180267334,
        "total_run_duration_sec": 3.855339288711548
    }
}