{
    "data_association_metrics": {
        "2D_track_lengths": {
            "summary": {
                "min": 2,
                "max": 11,
                "median": 3.0,
                "mean": 3.624321657622102,
                "stddev": 1.8285437500429218,
                "len": 4054,
                "invalid": 0,
                "histogram": {
                    "2": 895,
                    "3": 561,
                    "4": 411,
                    "5": 260,
                    "6": 234,
                    "7": 107,
                    "8": 46,
                    "9": 19,
                    "10": 1
                }
            }
        },
        "accepted_tracks_ratio": 0.6092748045921326,
        "track_cheirality_failure_ratio": 0.0,
        "num_accepted_tracks": 2470.0,
        "3d_tracks_length": {
            "summary": {
                "min": 3,
                "max": 10,
                "median": 4.0,
                "mean": 4.537651821862348,
                "stddev": 1.6232119880422924,
                "len": 2470,
                "invalid": 0,
                "histogram": {
                    "3": 549,
                    "4": 416,
                    "5": 247,
                    "6": 216,
                    "7": 100,
                    "8": 38,
                    "9": 12
                }
            }
        },
        "accepted_track_avg_errors_px": {
            "summary": {
                "min": 0.037576328963041306,
                "max": 6.152307033538818,
                "median": 0.6661950349807739,
                "mean": 0.9416378140449524,
                "stddev": 0.7716569304466248,
                "len": 2470,
                "invalid": 0,
                "quartiles": {
                    "q0": 0.037576328963041306,
                    "q1": 0.45560381561517715,
                    "q2": 0.6661950647830963,
                    "q3": 1.1541197001934052,
                    "q4": 6.152307033538818
                }
            }
        },
        "rejected_track_avg_errors_px": {
            "summary": {
                "min": 0.00011406809062464163,
                "max": 7.00870943069458,
                "median": 0.21835541725158691,
                "mean": 0.26719608902931213,
                "stddev": 0.3142971992492676,
                "len": 1584,
                "invalid": 0,
                "quartiles": {
                    "q0": 0.00011406809062464163,
                    "q1": 0.10461721569299698,
                    "q2": 0.2183554247021675,
                    "q3": 0.3643622025847435,
                    "q4": 7.00870943069458
                }
            }
        },
        "number_cameras": 12.0,
        "triangulation_runtime_sec": 2.74827241897583,
        "gtsfm_data_creation_runtime": 0.03857159614562988,
        "total_duration_sec": 2.7868449687957764
    }
}