{
    "rotation_averaging_metrics": {
        "num_rotations_computed": 12.0,
        "rotation_angle_error_deg": {
            "summary": {
                "min": 0.1309882402420044,
                "max": 1.3211281299591064,
                "median": 0.16260352730751038,
                "mean": 0.256414532661438,
                "stddev": 0.3215380311012268,
                "len": 100,
                "invalid": 88,
                "quartiles": {
                    "q0": null,
                    "q1": null,
                    "q2": null,
                    "q3": null,
                    "q4": null
                }
            }
        },
        "total_duration_sec": 0.0011837482452392578
    }
}