{
    "verifier_summary_POST_INLIER_SUPPORT_PROCESSOR_2VIEW_REPORT": {
        "angular_err_threshold_deg": 5.0,
        "num_input_image_pairs": 22.0,
        "num_valid_image_pairs": 22.0,
        "rotation_success_count": 22.0,
        "translation_success_count": 22.0,
        "pose_success_count": 22.0,
        "num_all_inlier_correspondences_wrt_gt_model": 13.0,
        "rot3_angular_errors_deg": {
            "summary": {
                "min": 0.01923978872829209,
                "max": 1.4783770634807694,
                "median": 0.05700013146027008,
                "mean": 0.13934073924600832,
                "stddev": 0.2994626644001572,
                "len": 22,
                "invalid": 0,
                "quartiles": {
                    "q0": 0.01923978872829209,
                    "q1": 0.039840622659161676,
                    "q2": 0.05700013146027008,
                    "q3": 0.08249622103044643,
                    "q4": 1.4783770634807694
                }
            }
        },
        "trans_angular_errors_deg": {
            "summary": {
                "min": 0.03459565818071872,
                "max": 2.5533729390770477,
                "median": 0.18527550022659958,
                "mean": 0.34570880115291747,
                "stddev": 0.5167413487383177,
                "len": 22,
                "invalid": 0,
                "quartiles": {
                    "q0": 0.03459565818071872,
                    "q1": 0.10379514377542762,
                    "q2": 0.18527550022659958,
                    "q3": 0.33863133008232366,
                    "q4": 2.5533729390770477
                }
            }
        },
        "pose_errors_deg": {
            "summary": {
                "min": 0.046671554749074494,
                "max": 2.5533729390770477,
                "median": 0.18606611962897113,
                "mean": 0.35308454764772024,
                "stddev": 0.5131856526225308,
                "len": 22,
                "invalid": 0,
                "quartiles": {
                    "q0": 0.046671554749074494,
                    "q1": 0.12804535139059148,
                    "q2": 0.18606611962897113,
                    "q3": 0.33863133008232366,
                    "q4": 2.5533729390770477
                }
            }
        },
        "inlier_ratio_wrt_gt_model": {
            "summary": {
                "min": 0.8418079018592834,
                "max": 1.0,
                "median": 1.0,
                "mean": 0.98455810546875,
                "stddev": 0.036673761904239655,
                "len": 22,
                "invalid": 0,
                "quartiles": {
                    "q0": 0.8418079018592834,
                    "q1": 0.9976053833961487,
                    "q2": 1.0,
                    "q3": 1.0,
                    "q4": 1.0
                }
            }
        },
        "inlier_ratio_wrt_est_model": {
            "summary": {
                "min": 0.9521045088768005,
                "max": 0.9994913339614868,
                "median": 0.9959148168563843,
                "mean": 0.9921690225601196,
                "stddev": 0.011166640557348728,
                "len": 22,
                "invalid": 0,
                "quartiles": {
                    "q0": 0.9521045088768005,
                    "q1": 0.9923907220363617,
                    "q2": 0.9959147870540619,
                    "q3": 0.9987482279539108,
                    "q4": 0.9994913339614868
                }
            }
        },
        "num_inliers_est_model": {
            "summary": {
                "min": 354,
                "max": 1508,
                "median": 902.5,
                "mean": 911.4545454545455,
                "stddev": 333.61814416440615,
                "len": 22,
                "invalid": 0,
                "quartiles": {
                    "q0": 354.0,
                    "q1": 705.25,
                    "q2": 902.5,
                    "q3": 1186.5,
                    "q4": 1508.0
                }
            }
        },
        "num_inliers_gt_model": {
            "summary": {
                "min": 298,
                "max": 1508,
                "median": 902.5,
                "mean": 902.0454545454545,
                "stddev": 338.4741801986631,
                "len": 22,
                "invalid": 0,
                "quartiles": {
                    "q0": 298.0,
                    "q1": 679.0,
                    "q2": 902.5,
                    "q3": 1169.5,
                    "q4": 1508.0
                }
            }
        }
    }
}