{
    "verifier_summary_POST_INLIER_SUPPORT_PROCESSOR_2VIEW_REPORT": {
        "angular_err_threshold_deg": 5.0,
        "num_input_image_pairs": 6.0,
        "num_valid_image_pairs": 6.0,
        "rotation_success_count": 6.0,
        "translation_success_count": 6.0,
        "pose_success_count": 6.0,
        "num_all_inlier_correspondences_wrt_gt_model": 3.0,
        "rot3_angular_errors_deg": {
            "summary": {
                "min": 0.020622727478871755,
                "max": 0.24531784834879308,
                "median": 0.07652599580021001,
                "mean": 0.10306479275271141,
                "stddev": 0.0749703512899043,
                "len": 6,
                "invalid": 0,
                "quartiles": {
                    "q0": 0.020622727478871755,
                    "q1": 0.054682908879930256,
                    "q2": 0.07652599580021001,
                    "q3": 0.1331272308363125,
                    "q4": 0.24531784834879308
                }
            }
        },
        "trans_angular_errors_deg": {
            "summary": {
                "min": 0.07514911919617272,
                "max": 0.34694751613012825,
                "median": 0.1542775565955203,
                "mean": 0.18588193450461413,
                "stddev": 0.10144534013187467,
                "len": 6,
                "invalid": 0,
                "quartiles": {
                    "q0": 0.07514911919617272,
                    "q1": 0.10103000363319277,
                    "q2": 0.1542775565955203,
                    "q3": 0.2645886685473249,
                    "q4": 0.34694751613012825
                }
            }
        },
        "pose_errors_deg": {
            "summary": {
                "min": 0.09593609809615238,
                "max": 0.34694751613012825,
                "median": 0.21878062064775988,
                "mean": 0.22000262504358795,
                "stddev": 0.08408181140750938,
                "len": 6,
                "invalid": 0,
                "quartiles": {
                    "q0": 0.09593609809615238,
                    "q1": 0.1612111989808341,
                    "q2": 0.21878062064775988,
                    "q3": 0.2778572823978415,
                    "q4": 0.34694751613012825
                }
            }
        },
        "inlier_ratio_wrt_gt_model": {
            "summary": {
                "min": 0.9763113260269165,
                "max": 1.0,
                "median": 0.9985119104385376,
                "mean": 0.9922811985015869,
                "stddev": 0.009988059289753437,
                "len": 6,
                "invalid": 0,
                "quartiles": {
                    "q0": 0.9763113260269165,
                    "q1": 0.9845201671123505,
                    "q2": 0.9985119104385376,
                    "q3": 1.0,
                    "q4": 1.0
                }
            }
        },
        "inlier_ratio_wrt_est_model": {
            "summary": {
                "min": 0.9786199927330017,
                "max": 0.9953401684761047,
                "median": 0.990115225315094,
                "mean": 0.988881528377533,
                "stddev": 0.005855824798345566,
                "len": 6,
                "invalid": 0,
                "quartiles": {
                    "q0": 0.9786199927330017,
                    "q1": 0.985572412610054,
                    "q2": 0.990115225315094,
                    "q3": 0.9938093423843384,
                    "q4": 0.9953401684761047
                }
            }
        },
        "num_inliers_est_model": {
            "summary": {
                "min": 591,
                "max": 1780,
                "median": 1286.5,
                "mean": 1182.0,
                "stddev": 434.88964117348206,
                "len": 6,
                "invalid": 0,
                "quartiles": {
                    "q0": 591.0,
                    "q1": 782.5,
                    "q2": 1286.5,
                    "q3": 1471.75,
                    "q4": 1780.0
                }
            }
        },
        "num_inliers_gt_model": {
            "summary": {
                "min": 577,
                "max": 1780,
                "median": 1280.5,
                "mean": 1174.5,
                "stddev": 435.31856151558713,
                "len": 6,
                "invalid": 0,
                "quartiles": {
                    "q0": 577.0,
                    "q1": 781.0,
                    "q2": 1280.5,
                    "q3": 1456.0,
                    "q4": 1780.0
                }
            }
        }
    }
}