{
    "data_association_metrics": {
        "2D_track_lengths": {
            "summary": {
                "min": 2,
                "max": 10,
                "median": 3.0,
                "mean": 4.046208779668137,
                "stddev": 2.1210893352646147,
                "len": 4761,
                "invalid": 0,
                "histogram": {
                    "2": 902,
                    "3": 701,
                    "4": 533,
                    "5": 434,
                    "6": 253,
                    "7": 182,
                    "8": 134,
                    "9": 101
                }
            }
        },
        "accepted_tracks_ratio": 0.6794791221618652,
        "track_cheirality_failure_ratio": 0.0,
        "num_accepted_tracks": 3235.0,
        "3d_tracks_length": {
            "summary": {
                "min": 3,
                "max": 10,
                "median": 5.0,
                "mean": 5.0071097372488405,
                "stddev": 1.9286208826058246,
                "len": 3235,
                "invalid": 0,
                "histogram": {
                    "3": 701,
                    "4": 534,
                    "5": 431,
                    "6": 254,
                    "7": 181,
                    "8": 135,
                    "9": 100
                }
            }
        },
        "accepted_track_avg_errors_px": {
            "summary": {
                "min": 0.025645991787314415,
                "max": 4.151482105255127,
                "median": 0.5994759202003479,
                "mean": 0.7653157114982605,
                "stddev": 0.5362262725830078,
                "len": 3235,
                "invalid": 0,
                "quartiles": {
                    "q0": 0.025645991787314415,
                    "q1": 0.4274670034646988,
                    "q2": 0.5994759202003479,
                    "q3": 0.9091061353683472,
                    "q4": 4.151482105255127
                }
            }
        },
        "rejected_track_avg_errors_px": {
            "summary": {
                "min": 0.0005251538823358715,
                "max": 0.5623113512992859,
                "median": 0.1843975931406021,
                "mean": 0.202671080827713,
                "stddev": 0.13555733859539032,
                "len": 1526,
                "invalid": 0,
                "quartiles": {
                    "q0": 0.0005251538823358715,
                    "q1": 0.08604570850729942,
                    "q2": 0.1843975931406021,
                    "q3": 0.30930356681346893,
                    "q4": 0.5623113512992859
                }
            }
        },
        "number_cameras": 10.0,
        "triangulation_runtime_sec": 13.050490379333496,
        "gtsfm_data_creation_runtime": 0.05372142791748047,
        "total_duration_sec": 13.104211807250977
    }
}