{
    "rotation_averaging_metrics": {
        "num_rotations_computed": 10.0,
        "rotation_angle_error_deg": {
            "summary": {
                "min": 0.01266967412084341,
                "max": 0.09805499017238617,
                "median": 0.03709743171930313,
                "mean": 0.04779299348592758,
                "stddev": 0.0265926793217659,
                "len": 100,
                "invalid": 90,
                "quartiles": {
                    "q0": null,
                    "q1": null,
                    "q2": null,
                    "q3": null,
                    "q4": null
                }
            }
        },
        "total_duration_sec": 0.0015442371368408203
    }
}