{
    "verifier_summary_POST_INLIER_SUPPORT_PROCESSOR_2VIEW_REPORT": {
        "angular_err_threshold_deg": 5.0,
        "num_input_image_pairs": 17.0,
        "num_valid_image_pairs": 17.0,
        "rotation_success_count": 17.0,
        "translation_success_count": 17.0,
        "pose_success_count": 17.0,
        "num_all_inlier_correspondences_wrt_gt_model": 2.0,
        "rot3_angular_errors_deg": {
            "summary": {
                "min": 0.014065096256353563,
                "max": 0.18122482754195882,
                "median": 0.06055448620321807,
                "mean": 0.06738259463734392,
                "stddev": 0.046525140910994266,
                "len": 17,
                "invalid": 0,
                "quartiles": {
                    "q0": 0.014065096256353563,
                    "q1": 0.029782133144854603,
                    "q2": 0.06055448620321807,
                    "q3": 0.08867630766902913,
                    "q4": 0.18122482754195882
                }
            }
        },
        "trans_angular_errors_deg": {
            "summary": {
                "min": 0.017686554804642516,
                "max": 0.25248404479053926,
                "median": 0.06686203128556564,
                "mean": 0.09679874386020038,
                "stddev": 0.0658980812903038,
                "len": 17,
                "invalid": 0,
                "quartiles": {
                    "q0": 0.017686554804642516,
                    "q1": 0.05293430157495726,
                    "q2": 0.06686203128556564,
                    "q3": 0.11474465941522764,
                    "q4": 0.25248404479053926
                }
            }
        },
        "pose_errors_deg": {
            "summary": {
                "min": 0.017686554804642516,
                "max": 0.25248404479053926,
                "median": 0.08867630766902913,
                "mean": 0.1081045535559882,
                "stddev": 0.0640161501939208,
                "len": 17,
                "invalid": 0,
                "quartiles": {
                    "q0": 0.017686554804642516,
                    "q1": 0.0655929935891082,
                    "q2": 0.08867630766902913,
                    "q3": 0.15077815908984393,
                    "q4": 0.25248404479053926
                }
            }
        },
        "inlier_ratio_wrt_gt_model": {
            "summary": {
                "min": 0.8724428415298462,
                "max": 1.0,
                "median": 0.9897483587265015,
                "mean": 0.973415732383728,
                "stddev": 0.03849812224507332,
                "len": 17,
                "invalid": 0,
                "quartiles": {
                    "q0": 0.8724428415298462,
                    "q1": 0.9771178364753723,
                    "q2": 0.9897483587265015,
                    "q3": 0.9973591566085815,
                    "q4": 1.0
                }
            }
        },
        "inlier_ratio_wrt_est_model": {
            "summary": {
                "min": 0.9840610027313232,
                "max": 0.996886670589447,
                "median": 0.9918256402015686,
                "mean": 0.9917533993721008,
                "stddev": 0.0033835095819085836,
                "len": 17,
                "invalid": 0,
                "quartiles": {
                    "q0": 0.9840610027313232,
                    "q1": 0.9896840453147888,
                    "q2": 0.9918256402015686,
                    "q3": 0.9933252334594727,
                    "q4": 0.996886670589447
                }
            }
        },
        "num_inliers_est_model": {
            "summary": {
                "min": 676,
                "max": 2356,
                "median": 1136.0,
                "mean": 1325.5882352941176,
                "stddev": 486.68906112068396,
                "len": 17,
                "invalid": 0,
                "quartiles": {
                    "q0": 676.0,
                    "q1": 969.0,
                    "q2": 1136.0,
                    "q3": 1681.0,
                    "q4": 2356.0
                }
            }
        },
        "num_inliers_gt_model": {
            "summary": {
                "min": 662,
                "max": 2356,
                "median": 1133.0,
                "mean": 1297.6470588235295,
                "stddev": 498.5465865512848,
                "len": 17,
                "invalid": 0,
                "quartiles": {
                    "q0": 662.0,
                    "q1": 934.0,
                    "q2": 1133.0,
                    "q3": 1657.0,
                    "q4": 2356.0
                }
            }
        }
    }
}