{
    "view_graph_estimation_metrics": {
        "num_input_measurements": 17.0,
        "num_inlier_measurements": 17.0,
        "num_outlier_measurements": 0.0,
        "R_precision": 1.0,
        "R_recall": 1.0,
        "U_precision": 1.0,
        "U_recall": 1.0,
        "inlier_R_angular_errors_deg": {
            "summary": {
                "min": 0.014065096256353563,
                "max": 0.18122482754195882,
                "median": 0.06055448620321807,
                "mean": 0.06738259463734392,
                "stddev": 0.046525140910994266,
                "len": 17,
                "invalid": 0,
                "quartiles": {
                    "q0": 0.014065096256353563,
                    "q1": 0.029782133144854603,
                    "q2": 0.06055448620321807,
                    "q3": 0.08867630766902913,
                    "q4": 0.18122482754195882
                }
            }
        },
        "outlier_R_angular_errors_deg": {
            "summary": {
                "min": null,
                "max": null,
                "median": null,
                "mean": null,
                "stddev": null
            }
        },
        "inlier_U_angular_errors_deg": {
            "summary": {
                "min": 0.017686554804642516,
                "max": 0.25248404479053926,
                "median": 0.06686203128556564,
                "mean": 0.09679874386020038,
                "stddev": 0.06589808129030379,
                "len": 17,
                "invalid": 0,
                "quartiles": {
                    "q0": 0.017686554804642516,
                    "q1": 0.05293430157495726,
                    "q2": 0.06686203128556564,
                    "q3": 0.11474465941522764,
                    "q4": 0.25248404479053926
                }
            }
        },
        "outlier_U_angular_errors_deg": {
            "summary": {
                "min": null,
                "max": null,
                "median": null,
                "mean": null,
                "stddev": null
            }
        }
    }
}