{
    "data_association_metrics": {
        "2D_track_lengths": {
            "summary": {
                "min": 2,
                "max": 14,
                "median": 3.0,
                "mean": 3.4716250242107303,
                "stddev": 2.224325966541838,
                "len": 5163,
                "invalid": 0,
                "histogram": {
                    "2": 1042,
                    "3": 505,
                    "4": 299,
                    "5": 194,
                    "6": 163,
                    "7": 129,
                    "8": 99,
                    "9": 72,
                    "10": 70,
                    "11": 25,
                    "12": 9,
                    "13": 3
                }
            }
        },
        "accepted_tracks_ratio": 0.49990314245224,
        "track_cheirality_failure_ratio": 0.0,
        "num_accepted_tracks": 2581.0,
        "3d_tracks_length": {
            "summary": {
                "min": 3,
                "max": 14,
                "median": 4.0,
                "mean": 4.908562572646261,
                "stddev": 2.3638781077518796,
                "len": 2581,
                "invalid": 0,
                "histogram": {
                    "3": 505,
                    "4": 299,
                    "5": 192,
                    "6": 159,
                    "7": 125,
                    "8": 98,
                    "9": 70,
                    "10": 70,
                    "11": 25,
                    "12": 9,
                    "13": 3
                }
            }
        },
        "accepted_track_avg_errors_px": {
            "summary": {
                "min": 0.03346346691250801,
                "max": 4.761019229888916,
                "median": 0.6026986837387085,
                "mean": 0.7983105182647705,
                "stddev": 0.6297001242637634,
                "len": 2581,
                "invalid": 0,
                "quartiles": {
                    "q0": 0.03346346691250801,
                    "q1": 0.4163690209388733,
                    "q2": 0.6026986837387085,
                    "q3": 0.9377074837684631,
                    "q4": 4.761019229888916
                }
            }
        },
        "rejected_track_avg_errors_px": {
            "summary": {
                "min": 0.00013834047422278672,
                "max": 0.6868593096733093,
                "median": 0.215873122215271,
                "mean": 0.22865748405456543,
                "stddev": 0.1467745304107666,
                "len": 2582,
                "invalid": 0,
                "quartiles": {
                    "q0": 0.00013834047422278672,
                    "q1": 0.10361647792160511,
                    "q2": 0.2158731296658516,
                    "q3": 0.3494165539741516,
                    "q4": 0.6868593096733093
                }
            }
        },
        "number_cameras": 14.0,
        "triangulation_runtime_sec": 13.791154861450195,
        "gtsfm_data_creation_runtime": 0.05908608436584473,
        "total_duration_sec": 13.850242614746094
    }
}