{
    "verifier_summary_VIEWGRAPH_2VIEW_REPORT": {
        "angular_err_threshold_deg": 5.0,
        "num_input_image_pairs": 18.0,
        "num_valid_image_pairs": 18.0,
        "rotation_success_count": 18.0,
        "translation_success_count": 18.0,
        "pose_success_count": 18.0,
        "num_all_inlier_correspondences_wrt_gt_model": 4.0,
        "rot3_angular_errors_deg": {
            "summary": {
                "min": 0.02684913098285479,
                "max": 0.2994576960137712,
                "median": 0.16142694129521068,
                "mean": 0.15383080780566077,
                "stddev": 0.08270885315048118,
                "len": 18,
                "invalid": 0,
                "quartiles": {
                    "q0": 0.02684913098285479,
                    "q1": 0.0991448214153299,
                    "q2": 0.16142694129521068,
                    "q3": 0.2141124105767334,
                    "q4": 0.2994576960137712
                }
            }
        },
        "trans_angular_errors_deg": {
            "summary": {
                "min": 0.05391917360233159,
                "max": 0.5539923544358125,
                "median": 0.1649613697328156,
                "mean": 0.20634834073240416,
                "stddev": 0.13709904709467416,
                "len": 18,
                "invalid": 0,
                "quartiles": {
                    "q0": 0.05391917360233159,
                    "q1": 0.11383731090635271,
                    "q2": 0.1649613697328156,
                    "q3": 0.2254198372297846,
                    "q4": 0.5539923544358125
                }
            }
        },
        "pose_errors_deg": {
            "summary": {
                "min": 0.05391917360233159,
                "max": 0.5539923544358125,
                "median": 0.21281848750318544,
                "mean": 0.23224594509491892,
                "stddev": 0.12992944756192482,
                "len": 18,
                "invalid": 0,
                "quartiles": {
                    "q0": 0.05391917360233159,
                    "q1": 0.16530115399573184,
                    "q2": 0.21281848750318544,
                    "q3": 0.28210235551674545,
                    "q4": 0.5539923544358125
                }
            }
        },
        "inlier_ratio_wrt_gt_model": {
            "summary": {
                "min": 0.8666666746139526,
                "max": 1.0,
                "median": 0.9976084232330322,
                "mean": 0.9784138202667236,
                "stddev": 0.04066648706793785,
                "len": 18,
                "invalid": 0,
                "quartiles": {
                    "q0": 0.8666666746139526,
                    "q1": 0.9838151335716248,
                    "q2": 0.9976083934307098,
                    "q3": 0.9990794658660889,
                    "q4": 1.0
                }
            }
        },
        "inlier_ratio_wrt_est_model": {
            "summary": {
                "min": 0.9790209531784058,
                "max": 1.0,
                "median": 0.9969562292098999,
                "mean": 0.9951474070549011,
                "stddev": 0.005067151505500078,
                "len": 18,
                "invalid": 0,
                "quartiles": {
                    "q0": 0.9790209531784058,
                    "q1": 0.9952473789453506,
                    "q2": 0.9969561994075775,
                    "q3": 0.9981246143579483,
                    "q4": 1.0
                }
            }
        },
        "num_inliers_est_model": {
            "summary": {
                "min": 475,
                "max": 1548,
                "median": 846.0,
                "mean": 867.3888888888889,
                "stddev": 235.25001803964716,
                "len": 18,
                "invalid": 0,
                "quartiles": {
                    "q0": 475.0,
                    "q1": 743.0,
                    "q2": 846.0,
                    "q3": 990.5,
                    "q4": 1548.0
                }
            }
        },
        "num_inliers_gt_model": {
            "summary": {
                "min": 474,
                "max": 1548,
                "median": 791.0,
                "mean": 850.0555555555555,
                "stddev": 241.59297088335768,
                "len": 18,
                "invalid": 0,
                "quartiles": {
                    "q0": 474.0,
                    "q1": 709.25,
                    "q2": 791.0,
                    "q3": 988.25,
                    "q4": 1548.0
                }
            }
        }
    }
}