{
    "view_graph_estimation_metrics": {
        "num_input_measurements": 18.0,
        "num_inlier_measurements": 18.0,
        "num_outlier_measurements": 0.0,
        "R_precision": 1.0,
        "R_recall": 1.0,
        "U_precision": 1.0,
        "U_recall": 1.0,
        "inlier_R_angular_errors_deg": {
            "summary": {
                "min": 0.02684913098285479,
                "max": 0.2994576960137712,
                "median": 0.16142694129521068,
                "mean": 0.15383080780566077,
                "stddev": 0.08270885315048118,
                "len": 18,
                "invalid": 0,
                "quartiles": {
                    "q0": 0.02684913098285479,
                    "q1": 0.0991448214153299,
                    "q2": 0.16142694129521068,
                    "q3": 0.2141124105767334,
                    "q4": 0.2994576960137712
                }
            }
        },
        "outlier_R_angular_errors_deg": {
            "summary": {
                "min": null,
                "max": null,
                "median": null,
                "mean": null,
                "stddev": null
            }
        },
        "inlier_U_angular_errors_deg": {
            "summary": {
                "min": 0.05391917360233159,
                "max": 0.5539923544358125,
                "median": 0.1649613697328156,
                "mean": 0.20634834073240416,
                "stddev": 0.13709904709467416,
                "len": 18,
                "invalid": 0,
                "quartiles": {
                    "q0": 0.05391917360233159,
                    "q1": 0.11383731090635271,
                    "q2": 0.1649613697328156,
                    "q3": 0.2254198372297846,
                    "q4": 0.5539923544358125
                }
            }
        },
        "outlier_U_angular_errors_deg": {
            "summary": {
                "min": null,
                "max": null,
                "median": null,
                "mean": null,
                "stddev": null
            }
        }
    }
}