{
    "bundle_adjustment_metrics": {
        "number_cameras": 18.0,
        "number_tracks_unfiltered": 3664.0,
        "3d_track_lengths_unfiltered": {
            "summary": {
                "min": 3,
                "max": 16,
                "median": 4.0,
                "mean": 5.145742358078603,
                "stddev": 2.489945588573638,
                "len": 3664,
                "invalid": 0,
                "histogram": {
                    "3": 687,
                    "4": 445,
                    "5": 329,
                    "6": 246,
                    "7": 238,
                    "8": 169,
                    "9": 93,
                    "10": 63,
                    "11": 43,
                    "12": 23,
                    "13": 23,
                    "14": 6,
                    "15": 1
                }
            }
        },
        "reprojection_errors_unfiltered_px": {
            "summary": {
                "min": 0.001391407077067112,
                "max": 13.375540178375479,
                "median": 0.5591171412088314,
                "mean": 0.7658194031634926,
                "stddev": 0.8677718506865797,
                "len": 18854,
                "invalid": 0,
                "quartiles": {
                    "q0": 0.001391407077067112,
                    "q1": 0.3410866127906398,
                    "q2": 0.5591171412088314,
                    "q3": 0.8619480409663411,
                    "q4": 13.375540178375479
                }
            }
        },
        "rotation_angle_error_deg": {
            "summary": {
                "min": 0.01705489307641983,
                "max": 0.23448123037815094,
                "median": 0.056718602776527405,
                "mean": 0.06421825289726257,
                "stddev": 0.048327915370464325,
                "len": 100,
                "invalid": 82,
                "quartiles": {
                    "q0": null,
                    "q1": null,
                    "q2": null,
                    "q3": null,
                    "q4": null
                }
            }
        },
        "translation_error_distance": {
            "summary": {
                "min": 0.0007466165698133409,
                "max": 0.008181959390640259,
                "median": 0.0013185110874474049,
                "mean": 0.0020357873290777206,
                "stddev": 0.00168504286557436,
                "len": 100,
                "invalid": 82,
                "quartiles": {
                    "q0": null,
                    "q1": null,
                    "q2": null,
                    "q3": null,
                    "q4": null
                }
            }
        },
        "relative_translation_angle_error_deg": {
            "summary": {
                "min": 0.004663961473852396,
                "max": 2.8863797187805176,
                "median": 0.07611780613660812,
                "mean": 0.12304317206144333,
                "stddev": 0.2722229063510895,
                "len": 153,
                "invalid": 0,
                "quartiles": {
                    "q0": 0.004663961473852396,
                    "q1": 0.05361716449260712,
                    "q2": 0.07611780613660812,
                    "q3": 0.11268563568592072,
                    "q4": 2.8863797187805176
                }
            }
        },
        "translation_angle_error_deg": {
            "summary": {
                "min": 0.006492452695965767,
                "max": 0.10194575041532516,
                "median": 0.017354130744934082,
                "mean": 0.024689819663763046,
                "stddev": 0.0216689296066761,
                "len": 100,
                "invalid": 82,
                "quartiles": {
                    "q0": null,
                    "q1": null,
                    "q2": null,
                    "q3": null,
                    "q4": null
                }
            }
        },
        "relative_rotation_angle_error_deg": {
            "summary": {
                "min": 0.008075113408267498,
                "max": 0.29667767882347107,
                "median": 0.07788896560668945,
                "mean": 0.0936526507139206,
                "stddev": 0.06413183361291885,
                "len": 153,
                "invalid": 0,
                "quartiles": {
                    "q0": 0.008075113408267498,
                    "q1": 0.044711798429489136,
                    "q2": 0.07788896560668945,
                    "q3": 0.12216632068157196,
                    "q4": 0.29667767882347107
                }
            }
        },
        "pose_auc_@1.0_deg": 0.871505081653595,
        "pose_auc_@2.5_deg": 0.9443750977516174,
        "pose_auc_@5.0_deg": 0.9723599553108215,
        "pose_auc_@10.0_deg": 0.9861799478530884,
        "pose_auc_@20.0_deg": 0.9930899739265442,
        "Filtered tracks triangulated with GT cams: SUCCESS": 3216.0,
        "number_tracks_filtered": 3216.0,
        "3d_track_lengths_filtered": {
            "summary": {
                "min": 3,
                "max": 16,
                "median": 4.0,
                "mean": 5.101057213930348,
                "stddev": 2.5059727412346575,
                "len": 3216,
                "invalid": 0,
                "histogram": {
                    "3": 607,
                    "4": 362,
                    "5": 278,
                    "6": 204,
                    "7": 200,
                    "8": 151,
                    "9": 80,
                    "10": 57,
                    "11": 39,
                    "12": 21,
                    "13": 20,
                    "14": 5,
                    "15": 1
                }
            }
        },
        "reprojection_errors_filtered_px": {
            "summary": {
                "min": 0.0013914070771468604,
                "max": 2.9951347787043052,
                "median": 0.5247098303783613,
                "mean": 0.6209835016982194,
                "stddev": 0.4443863881176827,
                "len": 16405,
                "invalid": 0,
                "quartiles": {
                    "q0": 0.0013914070771468604,
                    "q1": 0.32261014044847075,
                    "q2": 0.5247098303783613,
                    "q3": 0.7865982542898236,
                    "q4": 2.9951347787043052
                }
            }
        },
        "step_0_run_duration_sec": 1.652125358581543,
        "step_1_run_duration_sec": 1.5834760665893555,
        "step_2_run_duration_sec": 1.5696280002593994,
        "total_run_duration_sec": 4.80575704574585
    }
}