{
    "data_association_metrics": {
        "2D_track_lengths": {
            "summary": {
                "min": 2,
                "max": 16,
                "median": 2.0,
                "mean": 3.50563544500583,
                "stddev": 2.330439922899893,
                "len": 7719,
                "invalid": 0,
                "histogram": {
                    "2": 1314,
                    "3": 696,
                    "4": 452,
                    "5": 332,
                    "6": 246,
                    "7": 239,
                    "8": 167,
                    "9": 94,
                    "10": 64,
                    "11": 45,
                    "12": 23,
                    "13": 23,
                    "14": 6,
                    "15": 1
                }
            }
        },
        "accepted_tracks_ratio": 0.4746728837490082,
        "track_cheirality_failure_ratio": 0.0,
        "num_accepted_tracks": 3664.0,
        "3d_tracks_length": {
            "summary": {
                "min": 3,
                "max": 16,
                "median": 4.0,
                "mean": 5.145742358078603,
                "stddev": 2.489945588573638,
                "len": 3664,
                "invalid": 0,
                "histogram": {
                    "3": 687,
                    "4": 445,
                    "5": 329,
                    "6": 246,
                    "7": 238,
                    "8": 169,
                    "9": 93,
                    "10": 63,
                    "11": 43,
                    "12": 23,
                    "13": 23,
                    "14": 6,
                    "15": 1
                }
            }
        },
        "accepted_track_avg_errors_px": {
            "summary": {
                "min": 0.0437946543097496,
                "max": 4.814664363861084,
                "median": 0.622011661529541,
                "mean": 0.8089775443077087,
                "stddev": 0.5916000008583069,
                "len": 3664,
                "invalid": 0,
                "quartiles": {
                    "q0": 0.0437946543097496,
                    "q1": 0.4536767303943634,
                    "q2": 0.6220116317272186,
                    "q3": 0.9444119930267334,
                    "q4": 4.814664363861084
                }
            }
        },
        "rejected_track_avg_errors_px": {
            "summary": {
                "min": 5.847998181707226e-05,
                "max": 1.8058571815490723,
                "median": 0.2069869488477707,
                "mean": 0.2283947616815567,
                "stddev": 0.15926234424114227,
                "len": 4055,
                "invalid": 2,
                "quartiles": {
                    "q0": null,
                    "q1": null,
                    "q2": null,
                    "q3": null,
                    "q4": null
                }
            }
        },
        "number_cameras": 18.0,
        "triangulation_runtime_sec": 4.244882583618164,
        "gtsfm_data_creation_runtime": 0.06139874458312988,
        "total_duration_sec": 4.306282043457031
    }
}