{
    "verifier_summary_VIEWGRAPH_2VIEW_REPORT": {
        "angular_err_threshold_deg": 5.0,
        "num_input_image_pairs": 47.0,
        "num_valid_image_pairs": 47.0,
        "rotation_success_count": 47.0,
        "translation_success_count": 47.0,
        "pose_success_count": 47.0,
        "num_all_inlier_correspondences_wrt_gt_model": 26.0,
        "rot3_angular_errors_deg": {
            "summary": {
                "min": 0.03225122560832023,
                "max": 0.5274103847189591,
                "median": 0.15084893411186023,
                "mean": 0.18244877315590008,
                "stddev": 0.110932696583022,
                "len": 47,
                "invalid": 0,
                "quartiles": {
                    "q0": 0.03225122560832023,
                    "q1": 0.09821076989088345,
                    "q2": 0.15084893411186023,
                    "q3": 0.25531428438149484,
                    "q4": 0.5274103847189591
                }
            }
        },
        "trans_angular_errors_deg": {
            "summary": {
                "min": 0.023844308260815635,
                "max": 2.3536994506134623,
                "median": 0.267399387668296,
                "mean": 0.3841031183693812,
                "stddev": 0.40278515686947375,
                "len": 47,
                "invalid": 0,
                "quartiles": {
                    "q0": 0.023844308260815635,
                    "q1": 0.14747807432905985,
                    "q2": 0.267399387668296,
                    "q3": 0.4353182629912243,
                    "q4": 2.3536994506134623
                }
            }
        },
        "pose_errors_deg": {
            "summary": {
                "min": 0.05959815520720319,
                "max": 2.3536994506134623,
                "median": 0.29817655488391914,
                "mean": 0.4027078408317393,
                "stddev": 0.3941927221812426,
                "len": 47,
                "invalid": 0,
                "quartiles": {
                    "q0": 0.05959815520720319,
                    "q1": 0.1571420726575189,
                    "q2": 0.29817655488391914,
                    "q3": 0.4353182629912243,
                    "q4": 2.3536994506134623
                }
            }
        },
        "inlier_ratio_wrt_gt_model": {
            "summary": {
                "min": 0.7942857146263123,
                "max": 1.0,
                "median": 1.0,
                "mean": 0.9718167781829834,
                "stddev": 0.05584573745727539,
                "len": 47,
                "invalid": 0,
                "quartiles": {
                    "q0": 0.7942857146263123,
                    "q1": 0.9789765477180481,
                    "q2": 1.0,
                    "q3": 1.0,
                    "q4": 1.0
                }
            }
        },
        "inlier_ratio_wrt_est_model": {
            "summary": {
                "min": 0.9230769276618958,
                "max": 0.9989304542541504,
                "median": 0.9930939078330994,
                "mean": 0.9888235926628113,
                "stddev": 0.014326702803373337,
                "len": 47,
                "invalid": 0,
                "quartiles": {
                    "q0": 0.9230769276618958,
                    "q1": 0.988946944475174,
                    "q2": 0.9930939078330994,
                    "q3": 0.9961952865123749,
                    "q4": 0.9989304542541504
                }
            }
        },
        "num_inliers_est_model": {
            "summary": {
                "min": 236,
                "max": 2015,
                "median": 867.0,
                "mean": 894.3191489361702,
                "stddev": 424.06011749554983,
                "len": 47,
                "invalid": 0,
                "quartiles": {
                    "q0": 236.0,
                    "q1": 560.5,
                    "q2": 867.0,
                    "q3": 1155.0,
                    "q4": 2015.0
                }
            }
        },
        "num_inliers_gt_model": {
            "summary": {
                "min": 218,
                "max": 2015,
                "median": 814.0,
                "mean": 878.1914893617021,
                "stddev": 430.0786983054144,
                "len": 47,
                "invalid": 0,
                "quartiles": {
                    "q0": 218.0,
                    "q1": 540.5,
                    "q2": 814.0,
                    "q3": 1110.0,
                    "q4": 2015.0
                }
            }
        }
    }
}