{
    "view_graph_estimation_metrics": {
        "num_input_measurements": 47.0,
        "num_inlier_measurements": 47.0,
        "num_outlier_measurements": 0.0,
        "R_precision": 1.0,
        "R_recall": 1.0,
        "U_precision": 1.0,
        "U_recall": 1.0,
        "inlier_R_angular_errors_deg": {
            "summary": {
                "min": 0.03225122560832023,
                "max": 0.5274103847189591,
                "median": 0.15084893411186023,
                "mean": 0.18244877315590008,
                "stddev": 0.110932696583022,
                "len": 47,
                "invalid": 0,
                "quartiles": {
                    "q0": 0.03225122560832023,
                    "q1": 0.09821076989088345,
                    "q2": 0.15084893411186023,
                    "q3": 0.25531428438149484,
                    "q4": 0.5274103847189591
                }
            }
        },
        "outlier_R_angular_errors_deg": {
            "summary": {
                "min": null,
                "max": null,
                "median": null,
                "mean": null,
                "stddev": null
            }
        },
        "inlier_U_angular_errors_deg": {
            "summary": {
                "min": 0.023844308260815635,
                "max": 2.3536994506134623,
                "median": 0.267399387668296,
                "mean": 0.3841031183693812,
                "stddev": 0.40278515686947375,
                "len": 47,
                "invalid": 0,
                "quartiles": {
                    "q0": 0.023844308260815635,
                    "q1": 0.14747807432905985,
                    "q2": 0.267399387668296,
                    "q3": 0.4353182629912243,
                    "q4": 2.3536994506134623
                }
            }
        },
        "outlier_U_angular_errors_deg": {
            "summary": {
                "min": null,
                "max": null,
                "median": null,
                "mean": null,
                "stddev": null
            }
        }
    }
}