{
    "bundle_adjustment_metrics": {
        "number_cameras": 10.0,
        "number_tracks_unfiltered": 2059.0,
        "3d_track_lengths_unfiltered": {
            "summary": {
                "min": 3,
                "max": 10,
                "median": 4.0,
                "mean": 4.3331714424477905,
                "stddev": 1.6064229371425103,
                "len": 2059,
                "invalid": 0,
                "histogram": {
                    "3": 449,
                    "4": 253,
                    "5": 231,
                    "6": 119,
                    "7": 59,
                    "8": 38,
                    "9": 14
                }
            }
        },
        "reprojection_errors_unfiltered_px": {
            "summary": {
                "min": 0.0006782783311425234,
                "max": 10.841984185347279,
                "median": 0.5030366431192974,
                "mean": 0.7691317029314437,
                "stddev": 1.0521249002896649,
                "len": 8922,
                "invalid": 0,
                "quartiles": {
                    "q0": 0.0006782783311425234,
                    "q1": 0.29950442143083844,
                    "q2": 0.5030366431192974,
                    "q3": 0.8092961888354592,
                    "q4": 10.841984185347279
                }
            }
        },
        "rotation_angle_error_deg": {
            "summary": {
                "min": 0.011447804979979992,
                "max": 0.15838275849819183,
                "median": 0.043219976127147675,
                "mean": 0.054265014827251434,
                "stddev": 0.040582649409770966,
                "len": 100,
                "invalid": 90,
                "quartiles": {
                    "q0": null,
                    "q1": null,
                    "q2": null,
                    "q3": null,
                    "q4": null
                }
            }
        },
        "translation_error_distance": {
            "summary": {
                "min": 0.00082154362462461,
                "max": 0.004011566285043955,
                "median": 0.0019219708628952503,
                "mean": 0.0023164632730185986,
                "stddev": 0.0010484738741070032,
                "len": 100,
                "invalid": 90,
                "quartiles": {
                    "q0": null,
                    "q1": null,
                    "q2": null,
                    "q3": null,
                    "q4": null
                }
            }
        },
        "relative_translation_angle_error_deg": {
            "summary": {
                "min": 0.07009730488061905,
                "max": 6.5695624351501465,
                "median": 0.2094881683588028,
                "mean": 0.5669204592704773,
                "stddev": 1.3193433284759521,
                "len": 45,
                "invalid": 0,
                "quartiles": {
                    "q0": 0.07009730488061905,
                    "q1": 0.13586965203285217,
                    "q2": 0.2094881683588028,
                    "q3": 0.2762911915779114,
                    "q4": 6.5695624351501465
                }
            }
        },
        "translation_angle_error_deg": {
            "summary": {
                "min": 0.002842365298420191,
                "max": 0.06287088245153427,
                "median": 0.023526666685938835,
                "mean": 0.025662049651145935,
                "stddev": 0.018740061670541763,
                "len": 100,
                "invalid": 90,
                "quartiles": {
                    "q0": null,
                    "q1": null,
                    "q2": null,
                    "q3": null,
                    "q4": null
                }
            }
        },
        "relative_rotation_angle_error_deg": {
            "summary": {
                "min": 0.014907285571098328,
                "max": 0.2353537231683731,
                "median": 0.07328656315803528,
                "mean": 0.0850270465016365,
                "stddev": 0.05270706117153168,
                "len": 45,
                "invalid": 0,
                "quartiles": {
                    "q0": 0.014907285571098328,
                    "q1": 0.04412074387073517,
                    "q2": 0.07328656315803528,
                    "q3": 0.11178165674209595,
                    "q4": 0.2353537231683731
                }
            }
        },
        "pose_auc_@1.0_deg": 0.7301038503646851,
        "pose_auc_@2.5_deg": 0.8520415425300598,
        "pose_auc_@5.0_deg": 0.9043176770210266,
        "pose_auc_@10.0_deg": 0.9503288269042969,
        "pose_auc_@20.0_deg": 0.9751644134521484,
        "Filtered tracks triangulated with GT cams: SUCCESS": 1791.0,
        "number_tracks_filtered": 1791.0,
        "3d_track_lengths_filtered": {
            "summary": {
                "min": 3,
                "max": 10,
                "median": 4.0,
                "mean": 4.2462311557788945,
                "stddev": 1.583769588193851,
                "len": 1791,
                "invalid": 0,
                "histogram": {
                    "3": 392,
                    "4": 196,
                    "5": 193,
                    "6": 89,
                    "7": 45,
                    "8": 34,
                    "9": 12
                }
            }
        },
        "reprojection_errors_filtered_px": {
            "summary": {
                "min": 0.0006782783312273195,
                "max": 2.99878361958073,
                "median": 0.4629071296190699,
                "mean": 0.5549363548544601,
                "stddev": 0.41767247229252474,
                "len": 7605,
                "invalid": 0,
                "quartiles": {
                    "q0": 0.0006782783312273195,
                    "q1": 0.27880593407919546,
                    "q2": 0.4629071296190699,
                    "q3": 0.7131914121188548,
                    "q4": 2.99878361958073
                }
            }
        },
        "step_0_run_duration_sec": 1.0182881355285645,
        "step_1_run_duration_sec": 1.0415623188018799,
        "step_2_run_duration_sec": 1.1073620319366455,
        "total_run_duration_sec": 3.1680986881256104
    }
}