{
    "data_association_metrics": {
        "2D_track_lengths": {
            "summary": {
                "min": 2,
                "max": 10,
                "median": 3.0,
                "mean": 3.223298559364133,
                "stddev": 1.6571702575704665,
                "len": 4026,
                "invalid": 0,
                "histogram": {
                    "2": 895,
                    "3": 463,
                    "4": 254,
                    "5": 232,
                    "6": 129,
                    "7": 64,
                    "8": 39,
                    "9": 14
                }
            }
        },
        "accepted_tracks_ratio": 0.5114257335662842,
        "track_cheirality_failure_ratio": 0.0,
        "num_accepted_tracks": 2059.0,
        "3d_tracks_length": {
            "summary": {
                "min": 3,
                "max": 10,
                "median": 4.0,
                "mean": 4.3331714424477905,
                "stddev": 1.6064229371425103,
                "len": 2059,
                "invalid": 0,
                "histogram": {
                    "3": 449,
                    "4": 253,
                    "5": 231,
                    "6": 119,
                    "7": 59,
                    "8": 38,
                    "9": 14
                }
            }
        },
        "accepted_track_avg_errors_px": {
            "summary": {
                "min": 0.023536548018455505,
                "max": 4.644229412078857,
                "median": 0.5482615232467651,
                "mean": 0.7881790399551392,
                "stddev": 0.6916659474372864,
                "len": 2059,
                "invalid": 0,
                "quartiles": {
                    "q0": 0.023536548018455505,
                    "q1": 0.38368745148181915,
                    "q2": 0.5482615232467651,
                    "q3": 0.8844551146030426,
                    "q4": 4.644229412078857
                }
            }
        },
        "rejected_track_avg_errors_px": {
            "summary": {
                "min": 0.00018512846145313233,
                "max": 0.7622357606887817,
                "median": 0.21903502941131592,
                "mean": 0.23238198459148407,
                "stddev": 0.14815068244934082,
                "len": 1967,
                "invalid": 0,
                "quartiles": {
                    "q0": 0.00018512846145313233,
                    "q1": 0.10246752947568893,
                    "q2": 0.21903502941131592,
                    "q3": 0.3481927514076233,
                    "q4": 0.7622357606887817
                }
            }
        },
        "number_cameras": 10.0,
        "triangulation_runtime_sec": 10.884037017822266,
        "gtsfm_data_creation_runtime": 0.06125450134277344,
        "total_duration_sec": 10.945292472839355
    }
}