{
    "verifier_summary_VIEWGRAPH_2VIEW_REPORT": {
        "angular_err_threshold_deg": 5.0,
        "num_input_image_pairs": 16.0,
        "num_valid_image_pairs": 16.0,
        "rotation_success_count": 16.0,
        "translation_success_count": 16.0,
        "pose_success_count": 16.0,
        "num_all_inlier_correspondences_wrt_gt_model": 7.0,
        "rot3_angular_errors_deg": {
            "summary": {
                "min": 0.02555508687891009,
                "max": 0.33283841393252395,
                "median": 0.11467379632976976,
                "mean": 0.1343878753320037,
                "stddev": 0.08756560413072503,
                "len": 16,
                "invalid": 0,
                "quartiles": {
                    "q0": 0.02555508687891009,
                    "q1": 0.0628481918034878,
                    "q2": 0.11467379632976976,
                    "q3": 0.18603958273508037,
                    "q4": 0.33283841393252395
                }
            }
        },
        "trans_angular_errors_deg": {
            "summary": {
                "min": 0.11243147440866529,
                "max": 1.5874294009714502,
                "median": 0.3369542910858682,
                "mean": 0.5106451004939389,
                "stddev": 0.39072056606170114,
                "len": 16,
                "invalid": 0,
                "quartiles": {
                    "q0": 0.11243147440866529,
                    "q1": 0.222505386189035,
                    "q2": 0.3369542910858682,
                    "q3": 0.7557959266311085,
                    "q4": 1.5874294009714502
                }
            }
        },
        "pose_errors_deg": {
            "summary": {
                "min": 0.11243147440866529,
                "max": 1.5874294009714502,
                "median": 0.3369542910858682,
                "mean": 0.5126148779759201,
                "stddev": 0.38900851178894336,
                "len": 16,
                "invalid": 0,
                "quartiles": {
                    "q0": 0.11243147440866529,
                    "q1": 0.222505386189035,
                    "q2": 0.3369542910858682,
                    "q3": 0.7557959266311085,
                    "q4": 1.5874294009714502
                }
            }
        },
        "inlier_ratio_wrt_gt_model": {
            "summary": {
                "min": 0.7893258333206177,
                "max": 1.0,
                "median": 0.9898579716682434,
                "mean": 0.9521329402923584,
                "stddev": 0.06587165594100952,
                "len": 16,
                "invalid": 0,
                "quartiles": {
                    "q0": 0.7893258333206177,
                    "q1": 0.9242820739746094,
                    "q2": 0.9898579716682434,
                    "q3": 1.0,
                    "q4": 1.0
                }
            }
        },
        "inlier_ratio_wrt_est_model": {
            "summary": {
                "min": 0.9419795274734497,
                "max": 1.0,
                "median": 0.9872151613235474,
                "mean": 0.9826875329017639,
                "stddev": 0.018560029566287994,
                "len": 16,
                "invalid": 0,
                "quartiles": {
                    "q0": 0.9419795274734497,
                    "q1": 0.9772151112556458,
                    "q2": 0.9872151911258698,
                    "q3": 0.9972654432058334,
                    "q4": 1.0
                }
            }
        },
        "num_inliers_est_model": {
            "summary": {
                "min": 354,
                "max": 1320,
                "median": 716.5,
                "mean": 784.9375,
                "stddev": 283.3060334580787,
                "len": 16,
                "invalid": 0,
                "quartiles": {
                    "q0": 354.0,
                    "q1": 566.25,
                    "q2": 716.5,
                    "q3": 1072.0,
                    "q4": 1320.0
                }
            }
        },
        "num_inliers_gt_model": {
            "summary": {
                "min": 354,
                "max": 1302,
                "median": 649.5,
                "mean": 753.125,
                "stddev": 297.29275869923237,
                "len": 16,
                "invalid": 0,
                "quartiles": {
                    "q0": 354.0,
                    "q1": 496.75,
                    "q2": 649.5,
                    "q3": 1072.0,
                    "q4": 1302.0
                }
            }
        }
    }
}