{
    "data_association_metrics": {
        "2D_track_lengths": {
            "summary": {
                "min": 2,
                "max": 11,
                "median": 3.0,
                "mean": 3.218250235183443,
                "stddev": 1.7123770414585229,
                "len": 5315,
                "invalid": 0,
                "histogram": {
                    "2": 1287,
                    "3": 511,
                    "4": 344,
                    "5": 237,
                    "6": 181,
                    "7": 98,
                    "8": 58,
                    "9": 28,
                    "10": 7
                }
            }
        },
        "accepted_tracks_ratio": 0.5076199173927307,
        "track_cheirality_failure_ratio": 0.0,
        "num_accepted_tracks": 2698.0,
        "3d_tracks_length": {
            "summary": {
                "min": 3,
                "max": 11,
                "median": 4.0,
                "mean": 4.306523350630096,
                "stddev": 1.6928210593570014,
                "len": 2698,
                "invalid": 0,
                "histogram": {
                    "3": 516,
                    "4": 326,
                    "5": 218,
                    "6": 181,
                    "7": 93,
                    "8": 52,
                    "9": 22,
                    "10": 6
                }
            }
        },
        "accepted_track_avg_errors_px": {
            "summary": {
                "min": 0.037074942141771317,
                "max": 5.002577304840088,
                "median": 0.673234224319458,
                "mean": 0.8674933314323425,
                "stddev": 0.664837658405304,
                "len": 2698,
                "invalid": 0,
                "quartiles": {
                    "q0": 0.037074942141771317,
                    "q1": 0.43359191715717316,
                    "q2": 0.6732342541217804,
                    "q3": 1.0868819653987885,
                    "q4": 5.002577304840088
                }
            }
        },
        "rejected_track_avg_errors_px": {
            "summary": {
                "min": 3.876383198075928e-05,
                "max": 4.9879021644592285,
                "median": 0.2067810595035553,
                "mean": 0.23645757138729095,
                "stddev": 0.2172575145959854,
                "len": 2617,
                "invalid": 0,
                "quartiles": {
                    "q0": 3.876383198075928e-05,
                    "q1": 0.09867151081562042,
                    "q2": 0.2067810595035553,
                    "q3": 0.3438397943973541,
                    "q4": 4.9879021644592285
                }
            }
        },
        "number_cameras": 11.0,
        "triangulation_runtime_sec": 10.980432510375977,
        "gtsfm_data_creation_runtime": 0.04155468940734863,
        "total_duration_sec": 11.021988868713379
    }
}