{
    "verifier_summary_VIEWGRAPH_2VIEW_REPORT": {
        "angular_err_threshold_deg": 5.0,
        "num_input_image_pairs": 23.0,
        "num_valid_image_pairs": 23.0,
        "rotation_success_count": 23.0,
        "translation_success_count": 23.0,
        "pose_success_count": 23.0,
        "num_all_inlier_correspondences_wrt_gt_model": 7.0,
        "rot3_angular_errors_deg": {
            "summary": {
                "min": 0.0051338605665389335,
                "max": 2.254686123803857,
                "median": 0.11553229537833064,
                "mean": 0.289936401825027,
                "stddev": 0.46399664617072983,
                "len": 23,
                "invalid": 0,
                "quartiles": {
                    "q0": 0.0051338605665389335,
                    "q1": 0.07416560906835107,
                    "q2": 0.11553229537833064,
                    "q3": 0.2645032682117993,
                    "q4": 2.254686123803857
                }
            }
        },
        "trans_angular_errors_deg": {
            "summary": {
                "min": 0.05441369155444257,
                "max": 1.4036684374279247,
                "median": 0.2431915193923049,
                "mean": 0.3838415716094688,
                "stddev": 0.3459434525795924,
                "len": 23,
                "invalid": 0,
                "quartiles": {
                    "q0": 0.05441369155444257,
                    "q1": 0.1423853412923466,
                    "q2": 0.2431915193923049,
                    "q3": 0.5364968687238114,
                    "q4": 1.4036684374279247
                }
            }
        },
        "pose_errors_deg": {
            "summary": {
                "min": 0.055763871892262,
                "max": 2.254686123803857,
                "median": 0.2496842749208536,
                "mean": 0.426316823675553,
                "stddev": 0.4726014993806731,
                "len": 23,
                "invalid": 0,
                "quartiles": {
                    "q0": 0.055763871892262,
                    "q1": 0.1423853412923466,
                    "q2": 0.2496842749208536,
                    "q3": 0.5468894757470344,
                    "q4": 2.254686123803857
                }
            }
        },
        "inlier_ratio_wrt_gt_model": {
            "summary": {
                "min": 0.880141019821167,
                "max": 1.0,
                "median": 0.9913513660430908,
                "mean": 0.9765480160713196,
                "stddev": 0.03703005611896515,
                "len": 23,
                "invalid": 0,
                "quartiles": {
                    "q0": 0.880141019821167,
                    "q1": 0.9815977513790131,
                    "q2": 0.9913513660430908,
                    "q3": 1.0,
                    "q4": 1.0
                }
            }
        },
        "inlier_ratio_wrt_est_model": {
            "summary": {
                "min": 0.9047619104385376,
                "max": 1.0,
                "median": 0.9954476356506348,
                "mean": 0.9825018048286438,
                "stddev": 0.029379088431596756,
                "len": 23,
                "invalid": 0,
                "quartiles": {
                    "q0": 0.9047619104385376,
                    "q1": 0.9867991209030151,
                    "q2": 0.9954476356506348,
                    "q3": 0.9986778497695923,
                    "q4": 1.0
                }
            }
        },
        "num_inliers_est_model": {
            "summary": {
                "min": 112,
                "max": 1631,
                "median": 925.0,
                "mean": 888.6521739130435,
                "stddev": 368.4727125399905,
                "len": 23,
                "invalid": 0,
                "quartiles": {
                    "q0": 112.0,
                    "q1": 739.0,
                    "q2": 925.0,
                    "q3": 1158.0,
                    "q4": 1631.0
                }
            }
        },
        "num_inliers_gt_model": {
            "summary": {
                "min": 109,
                "max": 1631,
                "median": 918.0,
                "mean": 868.2173913043479,
                "stddev": 366.04608364209616,
                "len": 23,
                "invalid": 0,
                "quartiles": {
                    "q0": 109.0,
                    "q1": 724.5,
                    "q2": 918.0,
                    "q3": 1094.5,
                    "q4": 1631.0
                }
            }
        }
    }
}