{
    "rotation_averaging_metrics": {
        "num_rotations_computed": 2.0,
        "rotation_angle_error_deg": {
            "summary": {
                "min": 50.058345794677734,
                "max": 50.058387756347656,
                "median": 50.05836486816406,
                "mean": 50.05836486816406,
                "stddev": 2.1067353372927755e-05,
                "len": 100,
                "invalid": 98,
                "quartiles": {
                    "q0": null,
                    "q1": null,
                    "q2": null,
                    "q3": null,
                    "q4": null
                }
            }
        },
        "total_duration_sec": 0.0006194114685058594
    }
}