{
    "data_association_metrics": {
        "2D_track_lengths": {
            "summary": {
                "min": 2,
                "max": 7,
                "median": 3.0,
                "mean": 3.5748765770707625,
                "stddev": 1.6497359863297052,
                "len": 3646,
                "invalid": 0,
                "histogram": {
                    "2": 719,
                    "3": 528,
                    "4": 406,
                    "5": 316,
                    "6": 297
                }
            }
        },
        "accepted_tracks_ratio": 0.6212287545204163,
        "track_cheirality_failure_ratio": 0.0,
        "num_accepted_tracks": 2265.0,
        "3d_tracks_length": {
            "summary": {
                "min": 3,
                "max": 7,
                "median": 4.0,
                "mean": 4.534657836644592,
                "stddev": 1.3959147838629837,
                "len": 2265,
                "invalid": 0,
                "histogram": {
                    "3": 528,
                    "4": 406,
                    "5": 316,
                    "6": 297
                }
            }
        },
        "accepted_track_avg_errors_px": {
            "summary": {
                "min": 0.022026775404810905,
                "max": 3.6541614532470703,
                "median": 0.5612146258354187,
                "mean": 0.7079980969429016,
                "stddev": 0.4871276617050171,
                "len": 2265,
                "invalid": 0,
                "quartiles": {
                    "q0": 0.022026775404810905,
                    "q1": 0.40514710545539856,
                    "q2": 0.5612146258354187,
                    "q3": 0.8417148590087891,
                    "q4": 3.6541614532470703
                }
            }
        },
        "rejected_track_avg_errors_px": {
            "summary": {
                "min": 0.00024363611009903252,
                "max": 0.5575429201126099,
                "median": 0.19478267431259155,
                "mean": 0.21207992732524872,
                "stddev": 0.13726788759231567,
                "len": 1381,
                "invalid": 0,
                "quartiles": {
                    "q0": 0.00024363611009903252,
                    "q1": 0.09911977499723434,
                    "q2": 0.19478267431259155,
                    "q3": 0.3165614604949951,
                    "q4": 0.5575429201126099
                }
            }
        },
        "number_cameras": 7.0,
        "triangulation_runtime_sec": 12.988981246948242,
        "gtsfm_data_creation_runtime": 0.03791666030883789,
        "total_duration_sec": 13.026898384094238
    }
}