{
    "rotation_averaging_metrics": {
        "num_rotations_computed": 7.0,
        "rotation_angle_error_deg": {
            "summary": {
                "min": 0.015094178728759289,
                "max": 0.18353699147701263,
                "median": 0.0805841013789177,
                "mean": 0.09302961081266403,
                "stddev": 0.04992634803056717,
                "len": 100,
                "invalid": 93,
                "quartiles": {
                    "q0": null,
                    "q1": null,
                    "q2": null,
                    "q3": null,
                    "q4": null
                }
            }
        },
        "total_duration_sec": 0.0007288455963134766
    }
}