{
    "verifier_summary_VIEWGRAPH_2VIEW_REPORT": {
        "angular_err_threshold_deg": 5.0,
        "num_input_image_pairs": 8.0,
        "num_valid_image_pairs": 8.0,
        "rotation_success_count": 8.0,
        "translation_success_count": 8.0,
        "pose_success_count": 8.0,
        "num_all_inlier_correspondences_wrt_gt_model": 0.0,
        "rot3_angular_errors_deg": {
            "summary": {
                "min": 0.07075784765099741,
                "max": 0.284866705853848,
                "median": 0.1514234357291318,
                "mean": 0.16228742567044463,
                "stddev": 0.06056408095700002,
                "len": 8,
                "invalid": 0,
                "quartiles": {
                    "q0": 0.07075784765099741,
                    "q1": 0.13360151186800587,
                    "q2": 0.1514234357291318,
                    "q3": 0.1863312881560526,
                    "q4": 0.284866705853848
                }
            }
        },
        "trans_angular_errors_deg": {
            "summary": {
                "min": 0.1832196120311352,
                "max": 0.8633426556777812,
                "median": 0.26904516660282674,
                "mean": 0.37715614670237546,
                "stddev": 0.2162882967387603,
                "len": 8,
                "invalid": 0,
                "quartiles": {
                    "q0": 0.1832196120311352,
                    "q1": 0.23293956735482946,
                    "q2": 0.26904516660282674,
                    "q3": 0.48939801432992797,
                    "q4": 0.8633426556777812
                }
            }
        },
        "pose_errors_deg": {
            "summary": {
                "min": 0.1832196120311352,
                "max": 0.8633426556777812,
                "median": 0.26904516660282674,
                "mean": 0.37715614670237546,
                "stddev": 0.2162882967387603,
                "len": 8,
                "invalid": 0,
                "quartiles": {
                    "q0": 0.1832196120311352,
                    "q1": 0.23293956735482946,
                    "q2": 0.26904516660282674,
                    "q3": 0.48939801432992797,
                    "q4": 0.8633426556777812
                }
            }
        },
        "inlier_ratio_wrt_gt_model": {
            "summary": {
                "min": 0.5684620141983032,
                "max": 0.8900293111801147,
                "median": 0.8542113304138184,
                "mean": 0.8014564514160156,
                "stddev": 0.11174995452165604,
                "len": 8,
                "invalid": 0,
                "quartiles": {
                    "q0": 0.5684620141983032,
                    "q1": 0.7817461788654327,
                    "q2": 0.8542113304138184,
                    "q3": 0.8783820420503616,
                    "q4": 0.8900293111801147
                }
            }
        },
        "inlier_ratio_wrt_est_model": {
            "summary": {
                "min": 0.9890109896659851,
                "max": 0.9983552694320679,
                "median": 0.9928548336029053,
                "mean": 0.9930353760719299,
                "stddev": 0.0027329036965966225,
                "len": 8,
                "invalid": 0,
                "quartiles": {
                    "q0": 0.9890109896659851,
                    "q1": 0.9917103797197342,
                    "q2": 0.9928548038005829,
                    "q3": 0.9943751394748688,
                    "q4": 0.9983552694320679
                }
            }
        },
        "num_inliers_est_model": {
            "summary": {
                "min": 1107,
                "max": 1671,
                "median": 1383.0,
                "mean": 1377.875,
                "stddev": 172.5111862315021,
                "len": 8,
                "invalid": 0,
                "quartiles": {
                    "q0": 1107.0,
                    "q1": 1278.75,
                    "q2": 1383.0,
                    "q3": 1473.5,
                    "q4": 1671.0
                }
            }
        },
        "num_inliers_gt_model": {
            "summary": {
                "min": 876,
                "max": 1214,
                "median": 1115.0,
                "mean": 1089.5,
                "stddev": 112.11935604524314,
                "len": 8,
                "invalid": 0,
                "quartiles": {
                    "q0": 876.0,
                    "q1": 1015.75,
                    "q2": 1115.0,
                    "q3": 1193.25,
                    "q4": 1214.0
                }
            }
        }
    }
}