{
    "data_association_metrics": {
        "2D_track_lengths": {
            "summary": {
                "min": 2,
                "max": 8,
                "median": 2.0,
                "mean": 2.9418254764292877,
                "stddev": 1.3797355622115148,
                "len": 2991,
                "invalid": 0,
                "histogram": {
                    "2": 703,
                    "3": 332,
                    "4": 116,
                    "5": 115,
                    "6": 84,
                    "7": 37
                }
            }
        },
        "accepted_tracks_ratio": 0.45168840885162354,
        "track_cheirality_failure_ratio": 0.0,
        "num_accepted_tracks": 1351.0,
        "3d_tracks_length": {
            "summary": {
                "min": 3,
                "max": 8,
                "median": 3.0,
                "mean": 4.035529237601777,
                "stddev": 1.37609241890586,
                "len": 1351,
                "invalid": 0,
                "histogram": {
                    "3": 331,
                    "4": 109,
                    "5": 115,
                    "6": 80,
                    "7": 37
                }
            }
        },
        "accepted_track_avg_errors_px": {
            "summary": {
                "min": 0.03483861684799194,
                "max": 4.4083099365234375,
                "median": 0.5716760158538818,
                "mean": 0.7842950820922852,
                "stddev": 0.6671134233474731,
                "len": 1351,
                "invalid": 0,
                "quartiles": {
                    "q0": 0.03483861684799194,
                    "q1": 0.3980017453432083,
                    "q2": 0.5716760158538818,
                    "q3": 0.8968410789966583,
                    "q4": 4.4083099365234375
                }
            }
        },
        "rejected_track_avg_errors_px": {
            "summary": {
                "min": 0.0001256085524801165,
                "max": 1.31804621219635,
                "median": 0.20307058095932007,
                "mean": 0.23503202199935913,
                "stddev": 0.171849325299263,
                "len": 1640,
                "invalid": 0,
                "quartiles": {
                    "q0": 0.0001256085524801165,
                    "q1": 0.09716157056391239,
                    "q2": 0.20307057350873947,
                    "q3": 0.3466518819332123,
                    "q4": 1.31804621219635
                }
            }
        },
        "number_cameras": 8.0,
        "triangulation_runtime_sec": 10.255375862121582,
        "gtsfm_data_creation_runtime": 0.023612260818481445,
        "total_duration_sec": 10.2789888381958
    }
}