{
    "translation_averaging_metrics": {
        "num_total_1dsfm_measurements": 5606.0,
        "num_camera_1dsfm_measurements": 15.0,
        "num_track_1dsfm_measurements": 5591.0,
        "num_translations_estimated": 8.0,
        "inlier_relative_translation_angle_error_deg": {
            "summary": {
                "min": 0.0,
                "max": 8.537736562175269e-07,
                "median": 0.0,
                "mean": 2.2767297025438893e-07,
                "stddev": 3.7755287962681905e-07,
                "len": 15,
                "invalid": 0,
                "quartiles": {
                    "q0": 0.0,
                    "q1": 0.0,
                    "q2": 0.0,
                    "q3": 4.2688682810876344e-07,
                    "q4": 8.537736562175269e-07
                }
            }
        },
        "num_inlier_1dsfm_measurements": 15.0,
        "num_outlier_1dsfm_measurements": 0.0,
        "1dsfm_precision_5_deg": 1.0,
        "1dsfm_recall_5_deg": 1.0,
        "1dsfm_inlier_angular_errors_deg": {
            "summary": {
                "min": 0.26445947970094413,
                "max": 3.6470221820079747,
                "median": 0.4617830204807609,
                "mean": 0.7174211398475797,
                "stddev": 0.8201793056264898,
                "len": 15,
                "invalid": 0,
                "quartiles": {
                    "q0": 0.26445947970094413,
                    "q1": 0.33545504844223917,
                    "q2": 0.4617830204807609,
                    "q3": 0.6492572369266618,
                    "q4": 3.6470221820079747
                }
            }
        },
        "1dsfm_outlier_angular_errors_deg": {
            "summary": {
                "min": null,
                "max": null,
                "median": null,
                "mean": null,
                "stddev": null
            }
        },
        "relative_translation_angle_error_deg": {
            "summary": {
                "min": 0.0712219774723053,
                "max": 1.751579761505127,
                "median": 0.4580165445804596,
                "mean": 0.6350802779197693,
                "stddev": 0.5045977830886841,
                "len": 28,
                "invalid": 0,
                "quartiles": {
                    "q0": 0.0712219774723053,
                    "q1": 0.23924723640084267,
                    "q2": 0.4580165445804596,
                    "q3": 0.762546181678772,
                    "q4": 1.751579761505127
                }
            }
        },
        "translation_error_distance": {
            "summary": {
                "min": 0.00029440634534694254,
                "max": 0.019458794966340065,
                "median": 0.003063763026148081,
                "mean": 0.00539977615699172,
                "stddev": 0.006290209945291281,
                "len": 100,
                "invalid": 92,
                "quartiles": {
                    "q0": null,
                    "q1": null,
                    "q2": null,
                    "q3": null,
                    "q4": null
                }
            }
        },
        "translation_angle_error_deg": {
            "summary": {
                "min": 0.004378052894026041,
                "max": 0.22830933332443237,
                "median": 0.04592015594244003,
                "mean": 0.06983678787946701,
                "stddev": 0.07528706640005112,
                "len": 100,
                "invalid": 92,
                "quartiles": {
                    "q0": null,
                    "q1": null,
                    "q2": null,
                    "q3": null,
                    "q4": null
                }
            }
        },
        "total_duration_sec": 1.2213776111602783,
        "outlier_rejection_duration_sec": 1.9073486328125e-06,
        "optimization_duration_sec": 1.1243088245391846
    }
}