{
    "verifier_summary_VIEWGRAPH_2VIEW_REPORT": {
        "angular_err_threshold_deg": 5.0,
        "num_input_image_pairs": 16.0,
        "num_valid_image_pairs": 16.0,
        "rotation_success_count": 16.0,
        "translation_success_count": 16.0,
        "pose_success_count": 16.0,
        "num_all_inlier_correspondences_wrt_gt_model": 8.0,
        "rot3_angular_errors_deg": {
            "summary": {
                "min": 0.014630989576568987,
                "max": 2.3528176734805255,
                "median": 0.14436203098610062,
                "mean": 0.388298502226026,
                "stddev": 0.5755097450747159,
                "len": 16,
                "invalid": 0,
                "quartiles": {
                    "q0": 0.014630989576568987,
                    "q1": 0.08879456937363622,
                    "q2": 0.14436203098610062,
                    "q3": 0.32315640622186725,
                    "q4": 2.3528176734805255
                }
            }
        },
        "trans_angular_errors_deg": {
            "summary": {
                "min": 0.16173708280778135,
                "max": 3.6470221820079747,
                "median": 0.44768777046867264,
                "mean": 0.6826908862825922,
                "stddev": 0.805446193256976,
                "len": 16,
                "invalid": 0,
                "quartiles": {
                    "q0": 0.16173708280778135,
                    "q1": 0.32326578913721715,
                    "q2": 0.44768777046867264,
                    "q3": 0.601422785694524,
                    "q4": 3.6470221820079747
                }
            }
        },
        "pose_errors_deg": {
            "summary": {
                "min": 0.16173708280778135,
                "max": 3.6470221820079747,
                "median": 0.44768777046867264,
                "mean": 0.6826908862825922,
                "stddev": 0.805446193256976,
                "len": 16,
                "invalid": 0,
                "quartiles": {
                    "q0": 0.16173708280778135,
                    "q1": 0.32326578913721715,
                    "q2": 0.44768777046867264,
                    "q3": 0.601422785694524,
                    "q4": 3.6470221820079747
                }
            }
        },
        "inlier_ratio_wrt_gt_model": {
            "summary": {
                "min": 0.748031497001648,
                "max": 1.0,
                "median": 0.9986737370491028,
                "mean": 0.963742733001709,
                "stddev": 0.06719230860471725,
                "len": 16,
                "invalid": 0,
                "quartiles": {
                    "q0": 0.748031497001648,
                    "q1": 0.9551091194152832,
                    "q2": 0.9986737370491028,
                    "q3": 1.0,
                    "q4": 1.0
                }
            }
        },
        "inlier_ratio_wrt_est_model": {
            "summary": {
                "min": 0.8872727155685425,
                "max": 0.9979370832443237,
                "median": 0.9712437987327576,
                "mean": 0.9660555124282837,
                "stddev": 0.029769226908683777,
                "len": 16,
                "invalid": 0,
                "quartiles": {
                    "q0": 0.8872727155685425,
                    "q1": 0.9500134587287903,
                    "q2": 0.9712437987327576,
                    "q3": 0.9907394647598267,
                    "q4": 0.9979370832443237
                }
            }
        },
        "num_inliers_est_model": {
            "summary": {
                "min": 127,
                "max": 1351,
                "median": 404.5,
                "mean": 591.375,
                "stddev": 415.0287452394111,
                "len": 16,
                "invalid": 0,
                "quartiles": {
                    "q0": 127.0,
                    "q1": 287.25,
                    "q2": 404.5,
                    "q3": 849.0,
                    "q4": 1351.0
                }
            }
        },
        "num_inliers_gt_model": {
            "summary": {
                "min": 95,
                "max": 1351,
                "median": 394.5,
                "mean": 583.1875,
                "stddev": 421.0096820071363,
                "len": 16,
                "invalid": 0,
                "quartiles": {
                    "q0": 95.0,
                    "q1": 284.0,
                    "q2": 394.5,
                    "q3": 849.0,
                    "q4": 1351.0
                }
            }
        }
    }
}