{
    "verifier_summary_VIEWGRAPH_2VIEW_REPORT": {
        "angular_err_threshold_deg": 5.0,
        "num_input_image_pairs": 7.0,
        "num_valid_image_pairs": 7.0,
        "rotation_success_count": 7.0,
        "translation_success_count": 7.0,
        "pose_success_count": 7.0,
        "num_all_inlier_correspondences_wrt_gt_model": 2.0,
        "rot3_angular_errors_deg": {
            "summary": {
                "min": 0.04684665149630532,
                "max": 0.06275730979567462,
                "median": 0.0580166341799626,
                "mean": 0.05539487943927544,
                "stddev": 0.005476055492295946,
                "len": 7,
                "invalid": 0,
                "quartiles": {
                    "q0": 0.04684665149630532,
                    "q1": 0.051141573730109455,
                    "q2": 0.0580166341799626,
                    "q3": 0.058930206571383315,
                    "q4": 0.06275730979567462
                }
            }
        },
        "trans_angular_errors_deg": {
            "summary": {
                "min": 0.03524258902225602,
                "max": 0.14003655133335113,
                "median": 0.07612146321165049,
                "mean": 0.07842877467414855,
                "stddev": 0.030365677801369333,
                "len": 7,
                "invalid": 0,
                "quartiles": {
                    "q0": 0.03524258902225602,
                    "q1": 0.0622009054251404,
                    "q2": 0.07612146321165049,
                    "q3": 0.08659950415075074,
                    "q4": 0.14003655133335113
                }
            }
        },
        "pose_errors_deg": {
            "summary": {
                "min": 0.04845139788467251,
                "max": 0.14003655133335113,
                "median": 0.07612146321165049,
                "mean": 0.08031574736877947,
                "stddev": 0.027936643997042744,
                "len": 7,
                "invalid": 0,
                "quartiles": {
                    "q0": 0.04845139788467251,
                    "q1": 0.0622009054251404,
                    "q2": 0.07612146321165049,
                    "q3": 0.08659950415075074,
                    "q4": 0.14003655133335113
                }
            }
        },
        "inlier_ratio_wrt_gt_model": {
            "summary": {
                "min": 0.9628770351409912,
                "max": 1.0,
                "median": 0.9779286980628967,
                "mean": 0.9831101298332214,
                "stddev": 0.013887885957956314,
                "len": 7,
                "invalid": 0,
                "quartiles": {
                    "q0": 0.9628770351409912,
                    "q1": 0.9731806218624115,
                    "q2": 0.9779286980628967,
                    "q3": 0.9973021447658539,
                    "q4": 1.0
                }
            }
        },
        "inlier_ratio_wrt_est_model": {
            "summary": {
                "min": 0.9574920535087585,
                "max": 0.9965792298316956,
                "median": 0.979973316192627,
                "mean": 0.9773703217506409,
                "stddev": 0.015088008716702461,
                "len": 7,
                "invalid": 0,
                "quartiles": {
                    "q0": 0.9574920535087585,
                    "q1": 0.9626680612564087,
                    "q2": 0.979973316192627,
                    "q3": 0.9911057651042938,
                    "q4": 0.9965792298316956
                }
            }
        },
        "num_inliers_est_model": {
            "summary": {
                "min": 331,
                "max": 717,
                "median": 509.0,
                "mean": 513.5714285714286,
                "stddev": 114.45754938947846,
                "len": 7,
                "invalid": 0,
                "quartiles": {
                    "q0": 331.0,
                    "q1": 446.5,
                    "q2": 509.0,
                    "q3": 572.5,
                    "q4": 717.0
                }
            }
        },
        "num_inliers_gt_model": {
            "summary": {
                "min": 323,
                "max": 717,
                "median": 494.0,
                "mean": 505.7142857142857,
                "stddev": 116.79006108118507,
                "len": 7,
                "invalid": 0,
                "quartiles": {
                    "q0": 323.0,
                    "q1": 438.5,
                    "q2": 494.0,
                    "q3": 564.5,
                    "q4": 717.0
                }
            }
        }
    }
}